{"stats":{"minecraft:used":{"minecraft:stone_sword":1,"minecraft:melon_slice":5,"minecraft:stone_pickaxe":98,"minecraft:iron_pickaxe":29,"minecraft:sugar_cane":1,"minecraft:crafting_table":1,"minecraft:cooked_beef":1,"minecraft:pumpkin":2},"minecraft:picked_up":{"minecraft:raw_iron":5,"minecraft:crafting_table":1,"minecraft:pumpkin":2,"minecraft:spruce_stairs":1,"minecraft:tuff":21,"minecraft:raw_copper":9,"minecraft:cobbled_deepslate":61,"minecraft:iron_pickaxe":1,"minecraft:melon_slice":38,"minecraft:sugar_cane":2,"minecraft:furnace":1,"minecraft:cobblestone":36},"minecraft:mined":{"minecraft:tuff":22,"minecraft:furnace":1,"minecraft:pumpkin":2,"minecraft:crafting_table":1,"minecraft:melon":7,"minecraft:deepslate_iron_ore":5,"minecraft:stone":36,"minecraft:deepslate":61,"minecraft:deepslate_copper_ore":2},"minecraft:custom":{"minecraft:time_since_rest":11905,"minecraft:interact_with_furnace":4,"minecraft:sprint_one_cm":32266,"minecraft:damage_taken":70,"minecraft:walk_one_cm":35414,"minecraft:swim_one_cm":4172,"minecraft:interact_with_crafting_table":2,"minecraft:fly_one_cm":11734,"minecraft:open_chest":21,"minecraft:crouch_one_cm":28,"minecraft:play_time":16214,"minecraft:sneak_time":41,"minecraft:walk_under_water_one_cm":2658,"minecraft:jump":111,"minecraft:leave_game":2,"minecraft:walk_on_water_one_cm":2705,"minecraft:time_since_death":16214,"minecraft:sleep_in_bed":1,"minecraft:total_world_time":16214,"minecraft:fall_one_cm":2584},"minecraft:crafted":{"minecraft:oak_planks":8,"minecraft:crafting_table":1,"minecraft:stick":8,"minecraft:stone_pickaxe":1,"minecraft:stone_sword":1}},"DataVersion":3953}