{"stats":{"minecraft:used":{"minecraft:stone_sword":1,"minecraft:stone_pickaxe":121,"minecraft:shield":52,"minecraft:spruce_planks":5,"minecraft:wooden_pickaxe":21,"minecraft:iron_sword":6,"minecraft:sugar_cane":1,"minecraft:rotten_flesh":9,"minecraft:torch":4,"minecraft:golden_apple":1,"minecraft:crafting_table":3,"minecraft:tuff":5,"minecraft:iron_axe":38,"minecraft:melon_slice":5,"minecraft:iron_pickaxe":41,"minecraft:furnace":1,"minecraft:cooked_porkchop":3,"minecraft:cooked_beef":1,"minecraft:cobbled_deepslate":9,"minecraft:pumpkin":2},"minecraft:picked_up":{"minecraft:crafting_table":3,"minecraft:potato":1,"minecraft:tuff":26,"minecraft:shield":1,"minecraft:string":1,"minecraft:raw_copper":9,"minecraft:iron_axe":1,"minecraft:bone":9,"minecraft:cobbled_deepslate":93,"minecraft:spruce_planks":58,"minecraft:iron_pickaxe":2,"minecraft:melon_slice":38,"minecraft:sugar_cane":2,"minecraft:iron_sword":2,"minecraft:furnace":3,"minecraft:raw_iron":10,"minecraft:stick":2,"minecraft:cooked_porkchop":3,"minecraft:pumpkin":2,"minecraft:torch":11,"minecraft:spruce_stairs":1,"minecraft:redstone":4,"minecraft:spider_eye":1,"minecraft:arrow":5,"minecraft:rotten_flesh":10,"minecraft:diamond":3,"minecraft:cobblestone":57},"minecraft:broken":{"minecraft:shield":1},"minecraft:mined":{"minecraft:deepslate_redstone_ore":1,"minecraft:tuff":26,"minecraft:spruce_planks":3,"minecraft:deepslate_diamond_ore":2,"minecraft:crafting_table":2,"minecraft:glow_lichen":1,"minecraft:melon":7,"minecraft:cobblestone":21,"minecraft:wall_torch":4,"minecraft:deepslate_copper_ore":2,"minecraft:furnace":2,"minecraft:pumpkin":2,"minecraft:deepslate_iron_ore":10,"minecraft:stone":36,"minecraft:deepslate":83},"minecraft:dropped":{"minecraft:furnace":1,"minecraft:diamond":3,"minecraft:crafting_table":1},"minecraft:killed_by":{"minecraft:skeleton":3,"minecraft:zombie":2},"minecraft:custom":{"minecraft:interact_with_furnace":13,"minecraft:mob_kills":15,"minecraft:interact_with_crafting_table":8,"minecraft:leave_game":3,"minecraft:time_since_death":1248,"minecraft:sleep_in_bed":1,"minecraft:time_since_rest":1321,"minecraft:sprint_one_cm":210341,"minecraft:walk_one_cm":263669,"minecraft:damage_taken":1892,"minecraft:damage_absorbed":40,"minecraft:damage_blocked_by_shield":2867,"minecraft:drop":5,"minecraft:damage_dealt":3004,"minecraft:swim_one_cm":9390,"minecraft:fly_one_cm":109014,"minecraft:open_chest":35,"minecraft:crouch_one_cm":1143,"minecraft:play_time":67255,"minecraft:deaths":5,"minecraft:sneak_time":326,"minecraft:walk_under_water_one_cm":5378,"minecraft:jump":996,"minecraft:walk_on_water_one_cm":3967,"minecraft:total_world_time":67255,"minecraft:fall_one_cm":16457},"minecraft:killed":{"minecraft:spider":3,"minecraft:skeleton":5,"minecraft:zombie":7},"minecraft:crafted":{"minecraft:oak_planks":16,"minecraft:crafting_table":2,"minecraft:wooden_pickaxe":1,"minecraft:air":0,"minecraft:shield":2,"minecraft:iron_axe":2,"minecraft:stick":20,"minecraft:iron_ingot":9,"minecraft:stone_pickaxe":2,"minecraft:stone_sword":1}},"DataVersion":3953}