{"stats":{"minecraft:used":{"minecraft:stone_sword":1,"minecraft:iron_axe":19,"minecraft:melon_slice":5,"minecraft:stone_pickaxe":114,"minecraft:iron_pickaxe":30,"minecraft:wooden_pickaxe":18,"minecraft:spruce_planks":5,"minecraft:shield":26,"minecraft:rotten_flesh":4,"minecraft:sugar_cane":1,"minecraft:torch":4,"minecraft:crafting_table":3,"minecraft:furnace":1,"minecraft:cooked_beef":1,"minecraft:cobbled_deepslate":2,"minecraft:pumpkin":2},"minecraft:picked_up":{"minecraft:stick":2,"minecraft:raw_iron":5,"minecraft:crafting_table":2,"minecraft:pumpkin":2,"minecraft:torch":11,"minecraft:spruce_stairs":1,"minecraft:tuff":21,"minecraft:shield":1,"minecraft:redstone":4,"minecraft:spider_eye":1,"minecraft:string":1,"minecraft:iron_axe":1,"minecraft:raw_copper":9,"minecraft:arrow":5,"minecraft:bone":9,"minecraft:rotten_flesh":2,"minecraft:cobbled_deepslate":78,"minecraft:spruce_planks":56,"minecraft:iron_pickaxe":1,"minecraft:melon_slice":38,"minecraft:sugar_cane":2,"minecraft:iron_sword":1,"minecraft:furnace":2,"minecraft:cobblestone":53},"minecraft:mined":{"minecraft:deepslate_redstone_ore":1,"minecraft:tuff":22,"minecraft:furnace":2,"minecraft:pumpkin":2,"minecraft:crafting_table":2,"minecraft:melon":7,"minecraft:deepslate_iron_ore":5,"minecraft:cobblestone":18,"minecraft:stone":36,"minecraft:wall_torch":4,"minecraft:deepslate":76,"minecraft:deepslate_copper_ore":2},"minecraft:killed_by":{"minecraft:skeleton":2,"minecraft:zombie":1},"minecraft:custom":{"minecraft:time_since_rest":11675,"minecraft:interact_with_furnace":11,"minecraft:sprint_one_cm":115219,"minecraft:damage_taken":1042,"minecraft:walk_one_cm":109799,"minecraft:damage_blocked_by_shield":1604,"minecraft:mob_kills":8,"minecraft:damage_dealt":1442,"minecraft:swim_one_cm":7929,"minecraft:interact_with_crafting_table":6,"minecraft:fly_one_cm":45471,"minecraft:open_chest":34,"minecraft:crouch_one_cm":152,"minecraft:play_time":40214,"minecraft:deaths":3,"minecraft:sneak_time":85,"minecraft:walk_under_water_one_cm":4559,"minecraft:jump":375,"minecraft:leave_game":2,"minecraft:walk_on_water_one_cm":3165,"minecraft:time_since_death":11618,"minecraft:sleep_in_bed":1,"minecraft:total_world_time":40214,"minecraft:fall_one_cm":6937},"minecraft:killed":{"minecraft:skeleton":5,"minecraft:zombie":2,"minecraft:spider":1},"minecraft:crafted":{"minecraft:oak_planks":16,"minecraft:shield":2,"minecraft:iron_axe":2,"minecraft:crafting_table":2,"minecraft:wooden_pickaxe":1,"minecraft:stick":12,"minecraft:iron_ingot":9,"minecraft:stone_pickaxe":1,"minecraft:stone_sword":1,"minecraft:air":0}},"DataVersion":3953}