{"stats":{"minecraft:used":{"minecraft:stone_sword":1,"minecraft:iron_axe":11,"minecraft:melon_slice":5,"minecraft:stone_pickaxe":114,"minecraft:iron_pickaxe":30,"minecraft:shield":8,"minecraft:sugar_cane":1,"minecraft:crafting_table":2,"minecraft:furnace":1,"minecraft:cooked_beef":1,"minecraft:pumpkin":2},"minecraft:picked_up":{"minecraft:raw_iron":5,"minecraft:crafting_table":2,"minecraft:pumpkin":2,"minecraft:torch":7,"minecraft:spruce_stairs":1,"minecraft:tuff":21,"minecraft:redstone":4,"minecraft:spider_eye":1,"minecraft:string":1,"minecraft:raw_copper":9,"minecraft:arrow":2,"minecraft:bone":2,"minecraft:rotten_flesh":2,"minecraft:cobbled_deepslate":76,"minecraft:iron_pickaxe":1,"minecraft:melon_slice":38,"minecraft:sugar_cane":2,"minecraft:iron_sword":1,"minecraft:furnace":2,"minecraft:cobblestone":36},"minecraft:mined":{"minecraft:deepslate_redstone_ore":1,"minecraft:tuff":22,"minecraft:furnace":2,"minecraft:pumpkin":2,"minecraft:crafting_table":2,"minecraft:melon":7,"minecraft:deepslate_iron_ore":5,"minecraft:stone":36,"minecraft:wall_torch":4,"minecraft:deepslate":76,"minecraft:deepslate_copper_ore":2},"minecraft:killed_by":{"minecraft:skeleton":1,"minecraft:zombie":1},"minecraft:custom":{"minecraft:time_since_rest":5698,"minecraft:interact_with_furnace":11,"minecraft:sprint_one_cm":77141,"minecraft:damage_taken":705,"minecraft:walk_one_cm":78102,"minecraft:damage_blocked_by_shield":465,"minecraft:mob_kills":4,"minecraft:damage_dealt":662,"minecraft:swim_one_cm":7069,"minecraft:interact_with_crafting_table":5,"minecraft:fly_one_cm":29547,"minecraft:open_chest":30,"minecraft:crouch_one_cm":152,"minecraft:play_time":28214,"minecraft:deaths":2,"minecraft:sneak_time":85,"minecraft:walk_under_water_one_cm":3314,"minecraft:jump":264,"minecraft:leave_game":2,"minecraft:walk_on_water_one_cm":3108,"minecraft:time_since_death":5638,"minecraft:sleep_in_bed":1,"minecraft:total_world_time":28214,"minecraft:fall_one_cm":5350},"minecraft:killed":{"minecraft:skeleton":1,"minecraft:zombie":2,"minecraft:spider":1},"minecraft:crafted":{"minecraft:oak_planks":16,"minecraft:shield":2,"minecraft:iron_axe":2,"minecraft:crafting_table":1,"minecraft:stick":12,"minecraft:iron_ingot":9,"minecraft:stone_pickaxe":1,"minecraft:stone_sword":1,"minecraft:air":0}},"DataVersion":3953}