{"stats":{"minecraft:picked_up":{"minecraft:iron_chestplate":1,"minecraft:wheat":28,"minecraft:flower_pot":1,"minecraft:diamond_sword":2,"minecraft:amethyst_block":8,"minecraft:music_disc_cat":1,"minecraft:string":22,"minecraft:raw_copper":9,"minecraft:iron_leggings":2,"minecraft:cobbled_deepslate":184,"minecraft:bucket":2,"minecraft:spruce_planks":281,"minecraft:calcite":2,"minecraft:azalea":4,"minecraft:iron_pickaxe":4,"minecraft:melon_slice":170,"minecraft:iron_boots":2,"minecraft:tipped_arrow":3,"minecraft:stick":26,"minecraft:big_dripleaf":25,"minecraft:torch":86,"minecraft:spruce_stairs":2,"minecraft:porkchop":81,"minecraft:pointed_dripstone":1,"minecraft:diorite":3,"minecraft:cauldron":1,"minecraft:stone_sword":1,"minecraft:rotten_flesh":100,"minecraft:obsidian":14,"minecraft:snowball":12,"minecraft:cobblestone":599,"minecraft:enchanting_table":1,"minecraft:feather":10,"minecraft:cooked_beef":22,"minecraft:andesite":40,"minecraft:golden_leggings":1,"minecraft:tuff":81,"minecraft:lapis_lazuli":86,"minecraft:dirt":177,"minecraft:bone":47,"minecraft:bow":3,"minecraft:wheat_seeds":82,"minecraft:raw_gold":14,"minecraft:moss_block":10,"minecraft:oak_planks":1,"minecraft:cooked_porkchop":12,"minecraft:music_disc_13":1,"minecraft:sand":1382,"minecraft:grass_block":1,"minecraft:sugar":2,"minecraft:diamond":72,"minecraft:crossbow":1,"minecraft:granite":57,"minecraft:emerald":3,"minecraft:diamond_pickaxe":3,"minecraft:crafting_table":2,"minecraft:ominous_bottle":1,"minecraft:chicken":12,"minecraft:clay_ball":36,"minecraft:chest_minecart":1,"minecraft:brown_mushroom":18,"minecraft:wooden_pickaxe":1,"minecraft:red_bed":1,"minecraft:moss_carpet":2,"minecraft:wooden_sword":1,"minecraft:beef":74,"minecraft:light_gray_wool":8,"minecraft:sugar_cane":260,"minecraft:egg":26,"minecraft:raw_iron":92,"minecraft:carrot":20,"minecraft:redstone":124,"minecraft:arrow":53,"minecraft:beetroot_seeds":3,"minecraft:pumpkin_pie":8,"minecraft:gold_ingot":7,"minecraft:mutton":96,"minecraft:white_wool":71,"minecraft:rail":13,"minecraft:leather":62,"minecraft:oak_log":8,"minecraft:gunpowder":10,"minecraft:white_banner":2,"minecraft:cooked_mutton":15,"minecraft:stone_pickaxe":1,"minecraft:cooked_chicken":2,"minecraft:flowering_azalea":6,"minecraft:iron_sword":1,"minecraft:book":5,"minecraft:smooth_basalt":6,"minecraft:pumpkin":12,"minecraft:sweet_berries":3,"minecraft:dripstone_block":3,"minecraft:gravel":13,"minecraft:amethyst_shard":30,"minecraft:spruce_sapling":18,"minecraft:white_bed":3,"minecraft:spruce_log":203,"minecraft:spider_eye":3,"minecraft:diamond_shovel":1,"minecraft:pumpkin_seeds":5,"minecraft:iron_helmet":1,"minecraft:diamond_axe":1,"minecraft:gray_wool":4,"minecraft:black_wool":5,"minecraft:melon_seeds":4,"minecraft:coal":479,"minecraft:ender_pearl":1},"minecraft:used":{"minecraft:moss_block":4,"minecraft:shield":53,"minecraft:rotten_flesh":4,"minecraft:carrot":20,"minecraft:tuff":27,"minecraft:axolotl_bucket":1,"minecraft:snowball":7,"minecraft:big_dripleaf":21,"minecraft:spruce_boat":1,"minecraft:bow":41,"minecraft:furnace":2,"minecraft:egg":2,"minecraft:spruce_door":2,"minecraft:stone_pickaxe":187,"minecraft:oak_planks":1,"minecraft:wooden_pickaxe":8,"minecraft:diamond_axe":262,"minecraft:sugar_cane":41,"minecraft:sand":2,"minecraft:bread":6,"minecraft:melon_slice":41,"minecraft:diamond_sword":912,"minecraft:bone_meal":12,"minecraft:azalea":4,"minecraft:enchanting_table":2,"minecraft:stone_sword":103,"minecraft:spruce_planks":25,"minecraft:cooked_chicken":3,"minecraft:torch":427,"minecraft:dirt":94,"minecraft:spyglass":10,"minecraft:anvil":1,"minecraft:spruce_fence":15,"minecraft:wooden_axe":31,"minecraft:flowering_azalea":6,"minecraft:bookshelf":18,"minecraft:cooked_beef":26,"minecraft:cobbled_deepslate":38,"minecraft:cooked_mutton":40,"minecraft:water_bucket":25,"minecraft:cartography_table":1,"minecraft:cauldron":1,"minecraft:spruce_fence_gate":1,"minecraft:crafting_table":6,"minecraft:red_bed":1,"minecraft:white_bed":9,"minecraft:diamond_pickaxe":1599,"minecraft:diamond_shovel":1613,"minecraft:iron_pickaxe":169,"minecraft:spruce_sapling":18,"minecraft:cobblestone":108,"minecraft:cooked_porkchop":32,"minecraft:bucket":27,"minecraft:pumpkin_pie":4,"minecraft:jukebox":1},"minecraft:broken":{"minecraft:stone_pickaxe":1,"minecraft:diamond_shovel":1,"minecraft:diamond_pickaxe":1},"minecraft:mined":{"minecraft:spruce_planks":3,"minecraft:obsidian":15,"minecraft:granite":57,"minecraft:budding_amethyst":1,"minecraft:grass_block":122,"minecraft:spawner":1,"minecraft:iron_ore":35,"minecraft:cobbled_deepslate":2,"minecraft:pumpkin":12,"minecraft:deepslate_lapis_ore":13,"minecraft:enchanting_table":1,"minecraft:azalea":4,"minecraft:deepslate_redstone_ore":27,"minecraft:red_bed":1,"minecraft:amethyst_cluster":7,"minecraft:powder_snow":30,"minecraft:clay":5,"minecraft:torch":4,"minecraft:calcite":14,"minecraft:melon":35,"minecraft:cobblestone":18,"minecraft:sugar_cane":191,"minecraft:oak_planks":1,"minecraft:wall_torch":6,"minecraft:amethyst_block":9,"minecraft:cauldron":1,"minecraft:wheat":35,"minecraft:blue_ice":4,"minecraft:pumpkin_stem":1,"minecraft:oak_log":8,"minecraft:sand":1384,"minecraft:dirt":104,"minecraft:smooth_basalt":17,"minecraft:oak_leaves":12,"minecraft:deepslate":224,"minecraft:tuff":107,"minecraft:deepslate_diamond_ore":67,"minecraft:spruce_leaves":78,"minecraft:moss_block":12,"minecraft:large_fern":4,"minecraft:carrots":6,"minecraft:snow":12,"minecraft:andesite":55,"minecraft:big_dripleaf_stem":4,"minecraft:bookshelf":1,"minecraft:deepslate_iron_ore":55,"minecraft:vine":2,"minecraft:rail":13,"minecraft:packed_ice":11,"minecraft:stone":661,"minecraft:flowering_azalea":5,"minecraft:short_grass":15,"minecraft:emerald_ore":3,"minecraft:copper_ore":2,"minecraft:deepslate_coal_ore":3,"minecraft:deepslate_gold_ore":10,"minecraft:diorite":3,"minecraft:big_dripleaf":6,"minecraft:sweet_berry_bush":1,"minecraft:ice":1,"minecraft:spruce_log":208,"minecraft:coal_ore":464,"minecraft:gravel":24,"minecraft:dripstone_block":13,"minecraft:cobweb":11,"minecraft:small_dripleaf":3,"minecraft:gold_ore":5},"minecraft:dropped":{"minecraft:moss_block":6,"minecraft:brown_mushroom":1,"minecraft:cooked_beef":7,"minecraft:diamond":4,"minecraft:cooked_porkchop":12,"minecraft:dirt":48,"minecraft:snowball":5,"minecraft:wooden_sword":1,"minecraft:iron_pickaxe":6,"minecraft:gravel":12,"minecraft:cobbled_deepslate":26,"minecraft:pointed_dripstone":1,"minecraft:rotten_flesh":50,"minecraft:oak_planks":2,"minecraft:cooked_mutton":10,"minecraft:tipped_arrow":1,"minecraft:beetroot_seeds":6,"minecraft:melon_seeds":8,"minecraft:iron_ingot":11,"minecraft:bread":1,"minecraft:wheat_seeds":2,"minecraft:dripstone_block":3,"minecraft:cobblestone":101,"minecraft:granite":3,"minecraft:spruce_door":1,"minecraft:spruce_stairs":1,"minecraft:diorite":3,"minecraft:torch":33,"minecraft:wooden_axe":1,"minecraft:melon_slice":1,"minecraft:iron_leggings":1,"minecraft:white_banner":1,"minecraft:string":3,"minecraft:bucket":1,"minecraft:moss_carpet":2,"minecraft:sweet_berries":3,"minecraft:stone_sword":2,"minecraft:tuff":35,"minecraft:clay_ball":20,"minecraft:iron_boots":1,"minecraft:pumpkin_seeds":8,"minecraft:diamond_sword":1,"minecraft:big_dripleaf":4,"minecraft:flower_pot":1,"minecraft:spruce_planks":892,"minecraft:diamond_pickaxe":2,"minecraft:andesite":25,"minecraft:spider_eye":1,"minecraft:stone_pickaxe":2,"minecraft:wooden_pickaxe":2},"minecraft:killed_by":{"minecraft:skeleton":1},"minecraft:custom":{"minecraft:animals_bred":6,"minecraft:interact_with_crafting_table":102,"minecraft:leave_game":3,"minecraft:time_since_death":287199,"minecraft:sprint_one_cm":1344179,"minecraft:damage_blocked_by_shield":2619,"minecraft:drop":127,"minecraft:talked_to_villager":2,"minecraft:play_time":528256,"minecraft:deaths":1,"minecraft:jump":8506,"minecraft:walk_on_water_one_cm":102572,"minecraft:enchant_item":1,"minecraft:interact_with_furnace":309,"minecraft:play_record":2,"minecraft:interact_with_cartography_table":4,"minecraft:sleep_in_bed":10,"minecraft:damage_dealt":52916,"minecraft:crouch_one_cm":8689,"minecraft:use_cauldron":1,"minecraft:horse_one_cm":299579,"minecraft:interact_with_anvil":1,"minecraft:mob_kills":377,"minecraft:fill_cauldron":2,"minecraft:climb_one_cm":5241,"minecraft:walk_one_cm":2341516,"minecraft:sneak_time":3300,"minecraft:walk_under_water_one_cm":26308,"minecraft:boat_one_cm":29834,"minecraft:total_world_time":528256,"minecraft:time_since_rest":32341,"minecraft:damage_taken":7313,"minecraft:swim_one_cm":48279,"minecraft:fly_one_cm":1420992,"minecraft:open_chest":292,"minecraft:fall_one_cm":181585},"minecraft:killed":{"minecraft:spider":11,"minecraft:skeleton":50,"minecraft:chicken":12,"minecraft:pig":44,"minecraft:zombie_villager":2,"minecraft:creeper":9,"minecraft:sheep":64,"minecraft:pillager":8,"minecraft:goat":1,"minecraft:zombie":104,"minecraft:cow":41,"minecraft:bogged":4,"minecraft:phantom":2,"minecraft:llama":5,"minecraft:rabbit":1,"minecraft:bat":1,"minecraft:frog":1,"minecraft:enderman":4},"minecraft:crafted":{"minecraft:brick":101,"minecraft:oak_planks":28,"minecraft:cooked_chicken":3,"minecraft:diamond_shovel":2,"minecraft:bookshelf":18,"minecraft:cooked_mutton":34,"minecraft:glass":739,"minecraft:bow":1,"minecraft:iron_boots":1,"minecraft:cooked_porkchop":68,"minecraft:diamond_axe":1,"minecraft:crafting_table":3,"minecraft:spruce_planks":792,"minecraft:iron_helmet":1,"minecraft:wooden_pickaxe":1,"minecraft:spruce_door":3,"minecraft:copper_ingot":134,"minecraft:oak_wood":3,"minecraft:cartography_table":1,"minecraft:charcoal":8,"minecraft:book":52,"minecraft:iron_chestplate":1,"minecraft:paper":171,"minecraft:diamond_pickaxe":2,"minecraft:shield":2,"minecraft:stick":156,"minecraft:iron_ingot":143,"minecraft:compass":1,"minecraft:iron_pickaxe":1,"minecraft:stone_sword":1,"minecraft:gold_ingot":91,"minecraft:spruce_fence_gate":1,"minecraft:jukebox":1,"minecraft:spyglass":1,"minecraft:furnace":2,"minecraft:bone_meal":12,"minecraft:spruce_fence":15,"minecraft:diamond":9,"minecraft:stone_pickaxe":2,"minecraft:spruce_boat":1,"minecraft:cooked_beef":54,"minecraft:sugar":14,"minecraft:diamond_sword":1,"minecraft:enchanting_table":1,"minecraft:bucket":1,"minecraft:bread":13,"minecraft:air":0,"minecraft:wooden_axe":1,"minecraft:iron_leggings":1,"minecraft:anvil":1,"minecraft:white_bed":6,"minecraft:pumpkin_pie":12,"minecraft:torch":480}},"DataVersion":3953}