{"stats":{"minecraft:picked_up":{"minecraft:feather":2,"minecraft:chicken":4,"minecraft:andesite":15,"minecraft:leather":2,"minecraft:wooden_pickaxe":1,"minecraft:tuff":36,"minecraft:oak_log":4,"minecraft:gunpowder":1,"minecraft:lapis_lazuli":16,"minecraft:dirt":70,"minecraft:moss_carpet":1,"minecraft:raw_copper":9,"minecraft:wooden_sword":1,"minecraft:cooked_mutton":2,"minecraft:bone":4,"minecraft:wheat_seeds":1,"minecraft:spruce_planks":2,"minecraft:cobbled_deepslate":41,"minecraft:raw_gold":5,"minecraft:beef":2,"minecraft:stone_pickaxe":1,"minecraft:azalea":4,"minecraft:light_gray_wool":2,"minecraft:sugar_cane":3,"minecraft:moss_block":4,"minecraft:flowering_azalea":5,"minecraft:egg":2,"minecraft:stick":1,"minecraft:raw_iron":35,"minecraft:big_dripleaf":25,"minecraft:torch":6,"minecraft:porkchop":18,"minecraft:spruce_sapling":2,"minecraft:spruce_log":26,"minecraft:spider_eye":1,"minecraft:stone_sword":1,"minecraft:arrow":5,"minecraft:rotten_flesh":7,"minecraft:diamond":14,"minecraft:granite":50,"minecraft:gray_wool":2,"minecraft:mutton":20,"minecraft:coal":144,"minecraft:white_wool":7,"minecraft:cobblestone":173},"minecraft:used":{"minecraft:moss_block":4,"minecraft:cooked_mutton":8,"minecraft:water_bucket":1,"minecraft:stone_sword":103,"minecraft:spruce_door":2,"minecraft:stone_pickaxe":187,"minecraft:spruce_planks":22,"minecraft:wooden_pickaxe":8,"minecraft:cooked_chicken":1,"minecraft:torch":89,"minecraft:dirt":10,"minecraft:crafting_table":3,"minecraft:white_bed":2,"minecraft:axolotl_bucket":1,"minecraft:big_dripleaf":21,"minecraft:wooden_axe":31,"minecraft:flowering_azalea":2,"minecraft:diamond_pickaxe":177,"minecraft:diamond_shovel":26,"minecraft:iron_pickaxe":168,"minecraft:spruce_sapling":2,"minecraft:diamond_sword":37,"minecraft:cobblestone":79,"minecraft:furnace":2,"minecraft:cooked_porkchop":10,"minecraft:bucket":2},"minecraft:mined":{"minecraft:tuff":43,"minecraft:spruce_planks":2,"minecraft:flowering_azalea":5,"minecraft:deepslate_diamond_ore":11,"minecraft:torch":1,"minecraft:granite":50,"minecraft:short_grass":8,"minecraft:grass_block":26,"minecraft:copper_ore":2,"minecraft:cobblestone":3,"minecraft:spruce_leaves":17,"minecraft:sugar_cane":1,"minecraft:moss_block":5,"minecraft:diorite":1,"minecraft:wall_torch":2,"minecraft:big_dripleaf":6,"minecraft:large_fern":2,"minecraft:iron_ore":9,"minecraft:spruce_log":25,"minecraft:andesite":15,"minecraft:big_dripleaf_stem":4,"minecraft:deepslate_lapis_ore":3,"minecraft:coal_ore":141,"minecraft:oak_log":4,"minecraft:deepslate_iron_ore":26,"minecraft:dirt":61,"minecraft:azalea":4,"minecraft:stone":154,"minecraft:small_dripleaf":3,"minecraft:gold_ore":5,"minecraft:deepslate":45,"minecraft:oak_leaves":6},"minecraft:broken":{"minecraft:stone_pickaxe":1},"minecraft:dropped":{"minecraft:iron_ingot":11,"minecraft:moss_carpet":1,"minecraft:stone_sword":2,"minecraft:diamond":3,"minecraft:cooked_mutton":3,"minecraft:spruce_door":1,"minecraft:big_dripleaf":4,"minecraft:dirt":25,"minecraft:torch":33,"minecraft:wooden_axe":1,"minecraft:wooden_sword":1,"minecraft:wooden_pickaxe":2,"minecraft:stone_pickaxe":2},"minecraft:custom":{"minecraft:interact_with_furnace":65,"minecraft:mob_kills":51,"minecraft:interact_with_crafting_table":20,"minecraft:time_since_death":82269,"minecraft:sleep_in_bed":1,"minecraft:climb_one_cm":99,"minecraft:time_since_rest":61615,"minecraft:sprint_one_cm":147429,"minecraft:damage_taken":1332,"minecraft:walk_one_cm":388252,"minecraft:drop":21,"minecraft:damage_dealt":7064,"minecraft:talked_to_villager":1,"minecraft:swim_one_cm":6340,"minecraft:fly_one_cm":81485,"minecraft:open_chest":28,"minecraft:crouch_one_cm":1445,"minecraft:play_time":82269,"minecraft:sneak_time":769,"minecraft:walk_under_water_one_cm":5698,"minecraft:jump":1292,"minecraft:walk_on_water_one_cm":18786,"minecraft:total_world_time":82269,"minecraft:fall_one_cm":26449},"minecraft:killed":{"minecraft:pig":11,"minecraft:spider":1,"minecraft:skeleton":8,"minecraft:sheep":11,"minecraft:zombie":13,"minecraft:chicken":4,"minecraft:cow":1},"minecraft:crafted":{"minecraft:oak_planks":12,"minecraft:diamond_sword":1,"minecraft:cooked_porkchop":18,"minecraft:crafting_table":3,"minecraft:spruce_planks":104,"minecraft:wooden_pickaxe":1,"minecraft:cooked_chicken":1,"minecraft:spruce_door":3,"minecraft:furnace":2,"minecraft:copper_ingot":34,"minecraft:bucket":1,"minecraft:diamond_shovel":1,"minecraft:oak_wood":3,"minecraft:cooked_mutton":12,"minecraft:air":0,"minecraft:diamond_pickaxe":1,"minecraft:stick":68,"minecraft:iron_ingot":35,"minecraft:iron_pickaxe":1,"minecraft:stone_pickaxe":2,"minecraft:wooden_axe":1,"minecraft:stone_sword":1,"minecraft:gold_ingot":5,"minecraft:white_bed":2,"minecraft:torch":204}},"DataVersion":3953}