{"stats":{"minecraft:picked_up":{"minecraft:chicken":8,"minecraft:clay_ball":8,"minecraft:chest_minecart":1,"minecraft:diamond_sword":1,"minecraft:wooden_pickaxe":1,"minecraft:string":12,"minecraft:moss_carpet":2,"minecraft:raw_copper":9,"minecraft:wooden_sword":1,"minecraft:cobbled_deepslate":60,"minecraft:spruce_planks":256,"minecraft:beef":10,"minecraft:azalea":4,"minecraft:light_gray_wool":2,"minecraft:sugar_cane":69,"minecraft:egg":4,"minecraft:stick":5,"minecraft:raw_iron":70,"minecraft:big_dripleaf":25,"minecraft:torch":8,"minecraft:porkchop":21,"minecraft:stone_sword":1,"minecraft:rotten_flesh":19,"minecraft:arrow":14,"minecraft:beetroot_seeds":3,"minecraft:obsidian":14,"minecraft:mutton":39,"minecraft:rail":13,"minecraft:white_wool":22,"minecraft:cobblestone":197,"minecraft:enchanting_table":1,"minecraft:feather":5,"minecraft:andesite":15,"minecraft:leather":9,"minecraft:tuff":38,"minecraft:oak_log":8,"minecraft:gunpowder":4,"minecraft:lapis_lazuli":37,"minecraft:dirt":73,"minecraft:cooked_mutton":2,"minecraft:bone":11,"minecraft:bow":1,"minecraft:wheat_seeds":1,"minecraft:raw_gold":5,"minecraft:stone_pickaxe":1,"minecraft:moss_block":7,"minecraft:flowering_azalea":6,"minecraft:gravel":12,"minecraft:spruce_sapling":11,"minecraft:spruce_log":85,"minecraft:spider_eye":2,"minecraft:pumpkin_seeds":4,"minecraft:diamond":26,"minecraft:granite":50,"minecraft:gray_wool":2,"minecraft:emerald":2,"minecraft:melon_seeds":4,"minecraft:coal":218},"minecraft:used":{"minecraft:azalea":4,"minecraft:moss_block":4,"minecraft:stone_sword":103,"minecraft:enchanting_table":2,"minecraft:spruce_planks":22,"minecraft:cooked_chicken":1,"minecraft:torch":154,"minecraft:dirt":10,"minecraft:tuff":27,"minecraft:axolotl_bucket":1,"minecraft:big_dripleaf":21,"minecraft:wooden_axe":31,"minecraft:flowering_azalea":6,"minecraft:bookshelf":2,"minecraft:bow":9,"minecraft:furnace":2,"minecraft:egg":1,"minecraft:cooked_beef":8,"minecraft:cooked_mutton":13,"minecraft:water_bucket":13,"minecraft:spruce_door":2,"minecraft:stone_pickaxe":187,"minecraft:wooden_pickaxe":8,"minecraft:sugar_cane":39,"minecraft:diamond_axe":87,"minecraft:crafting_table":3,"minecraft:white_bed":6,"minecraft:diamond_pickaxe":393,"minecraft:diamond_shovel":39,"minecraft:iron_pickaxe":169,"minecraft:spruce_sapling":2,"minecraft:diamond_sword":212,"minecraft:cobblestone":93,"minecraft:cooked_porkchop":15,"minecraft:bucket":14},"minecraft:broken":{"minecraft:stone_pickaxe":1},"minecraft:mined":{"minecraft:tuff":51,"minecraft:spruce_planks":3,"minecraft:deepslate_diamond_ore":23,"minecraft:obsidian":15,"minecraft:granite":50,"minecraft:grass_block":30,"minecraft:spruce_leaves":33,"minecraft:moss_block":9,"minecraft:spawner":1,"minecraft:large_fern":2,"minecraft:iron_ore":25,"minecraft:andesite":15,"minecraft:deepslate_lapis_ore":6,"minecraft:big_dripleaf_stem":4,"minecraft:enchanting_table":1,"minecraft:deepslate_iron_ore":45,"minecraft:vine":1,"minecraft:rail":13,"minecraft:azalea":4,"minecraft:stone":177,"minecraft:flowering_azalea":5,"minecraft:clay":2,"minecraft:torch":2,"minecraft:short_grass":8,"minecraft:emerald_ore":2,"minecraft:copper_ore":2,"minecraft:cobblestone":5,"minecraft:sugar_cane":51,"minecraft:diorite":1,"minecraft:wall_torch":3,"minecraft:big_dripleaf":6,"minecraft:spruce_log":85,"minecraft:oak_log":8,"minecraft:coal_ore":215,"minecraft:gravel":12,"minecraft:dirt":62,"minecraft:cobweb":11,"minecraft:small_dripleaf":3,"minecraft:gold_ore":5,"minecraft:oak_leaves":11,"minecraft:deepslate":67},"minecraft:dropped":{"minecraft:iron_ingot":11,"minecraft:moss_block":3,"minecraft:diamond":3,"minecraft:cooked_porkchop":6,"minecraft:spruce_door":1,"minecraft:dirt":25,"minecraft:torch":33,"minecraft:wooden_axe":1,"minecraft:wooden_sword":1,"minecraft:iron_pickaxe":2,"minecraft:gravel":12,"minecraft:moss_carpet":2,"minecraft:stone_sword":2,"minecraft:cobbled_deepslate":19,"minecraft:rotten_flesh":6,"minecraft:clay_ball":8,"minecraft:cooked_mutton":3,"minecraft:pumpkin_seeds":8,"minecraft:diamond_sword":1,"minecraft:big_dripleaf":4,"minecraft:spruce_planks":504,"minecraft:beetroot_seeds":6,"minecraft:melon_seeds":8,"minecraft:spider_eye":1,"minecraft:wooden_pickaxe":2,"minecraft:stone_pickaxe":2},"minecraft:custom":{"minecraft:mob_kills":114,"minecraft:interact_with_crafting_table":40,"minecraft:leave_game":1,"minecraft:time_since_death":150443,"minecraft:climb_one_cm":488,"minecraft:sprint_one_cm":358836,"minecraft:walk_one_cm":684002,"minecraft:drop":47,"minecraft:talked_to_villager":1,"minecraft:play_time":150443,"minecraft:sneak_time":904,"minecraft:walk_under_water_one_cm":6266,"minecraft:jump":2440,"minecraft:walk_on_water_one_cm":34813,"minecraft:total_world_time":150443,"minecraft:interact_with_furnace":88,"minecraft:sleep_in_bed":1,"minecraft:time_since_rest":129789,"minecraft:damage_taken":2711,"minecraft:damage_dealt":15727,"minecraft:swim_one_cm":7429,"minecraft:fly_one_cm":229802,"minecraft:open_chest":60,"minecraft:crouch_one_cm":1995,"minecraft:fall_one_cm":53623},"minecraft:killed":{"minecraft:spider":3,"minecraft:skeleton":15,"minecraft:chicken":8,"minecraft:llama":2,"minecraft:pig":12,"minecraft:creeper":2,"minecraft:sheep":26,"minecraft:zombie":38,"minecraft:cow":5},"minecraft:crafted":{"minecraft:oak_planks":28,"minecraft:cooked_chicken":1,"minecraft:furnace":2,"minecraft:diamond_shovel":1,"minecraft:bookshelf":2,"minecraft:cooked_mutton":12,"minecraft:iron_boots":1,"minecraft:stone_pickaxe":2,"minecraft:cooked_beef":8,"minecraft:diamond_sword":1,"minecraft:cooked_porkchop":21,"minecraft:diamond_axe":1,"minecraft:crafting_table":3,"minecraft:spruce_planks":336,"minecraft:enchanting_table":1,"minecraft:wooden_pickaxe":1,"minecraft:iron_helmet":1,"minecraft:spruce_door":3,"minecraft:copper_ingot":82,"minecraft:bucket":1,"minecraft:oak_wood":3,"minecraft:air":0,"minecraft:iron_chestplate":1,"minecraft:book":9,"minecraft:paper":27,"minecraft:diamond_pickaxe":1,"minecraft:stick":68,"minecraft:iron_ingot":60,"minecraft:iron_pickaxe":1,"minecraft:wooden_axe":1,"minecraft:stone_sword":1,"minecraft:iron_leggings":1,"minecraft:gold_ingot":5,"minecraft:white_bed":6,"minecraft:torch":204}},"DataVersion":3953}