{"stats":{"minecraft:picked_up":{"minecraft:stick":1,"minecraft:feather":2,"minecraft:chicken":3,"minecraft:oak_log":4,"minecraft:spruce_sapling":2,"minecraft:spruce_log":26,"minecraft:dirt":23,"minecraft:gray_wool":1,"minecraft:light_gray_wool":1,"minecraft:mutton":9,"minecraft:coal":66,"minecraft:white_wool":3,"minecraft:cobblestone":28,"minecraft:egg":2},"minecraft:used":{"minecraft:cooked_mutton":2,"minecraft:wooden_axe":31,"minecraft:stone_pickaxe":108,"minecraft:wooden_pickaxe":8,"minecraft:torch":1,"minecraft:dirt":4,"minecraft:cobblestone":5,"minecraft:crafting_table":2,"minecraft:furnace":1},"minecraft:mined":{"minecraft:spruce_log":25,"minecraft:short_grass":2,"minecraft:oak_log":4,"minecraft:grass_block":12,"minecraft:coal_ore":65,"minecraft:dirt":14,"minecraft:spruce_leaves":14,"minecraft:stone":28,"minecraft:oak_leaves":6},"minecraft:dropped":{"minecraft:wooden_axe":1},"minecraft:custom":{"minecraft:time_since_rest":16269,"minecraft:interact_with_furnace":4,"minecraft:sprint_one_cm":6698,"minecraft:damage_taken":65,"minecraft:walk_one_cm":53980,"minecraft:mob_kills":9,"minecraft:drop":1,"minecraft:damage_dealt":599,"minecraft:interact_with_crafting_table":6,"minecraft:swim_one_cm":6340,"minecraft:fly_one_cm":4358,"minecraft:crouch_one_cm":74,"minecraft:play_time":16269,"minecraft:sneak_time":51,"minecraft:walk_under_water_one_cm":5471,"minecraft:jump":155,"minecraft:time_since_death":16269,"minecraft:walk_on_water_one_cm":10349,"minecraft:total_world_time":16269,"minecraft:fall_one_cm":3015},"minecraft:killed":{"minecraft:sheep":5,"minecraft:zombie":1,"minecraft:chicken":3},"minecraft:crafted":{"minecraft:oak_planks":12,"minecraft:crafting_table":2,"minecraft:spruce_planks":8,"minecraft:stick":12,"minecraft:wooden_pickaxe":1,"minecraft:stone_pickaxe":2,"minecraft:wooden_axe":1,"minecraft:stone_sword":1,"minecraft:furnace":1,"minecraft:oak_wood":3,"minecraft:torch":8,"minecraft:cooked_mutton":5}},"DataVersion":3953}