{"stats":{"minecraft:picked_up":{"minecraft:crafting_table":2,"minecraft:iron_chestplate":1,"minecraft:wheat":2,"minecraft:chicken":11,"minecraft:clay_ball":36,"minecraft:flower_pot":1,"minecraft:chest_minecart":1,"minecraft:brown_mushroom":18,"minecraft:diamond_sword":2,"minecraft:wooden_pickaxe":1,"minecraft:amethyst_block":8,"minecraft:string":18,"minecraft:red_bed":1,"minecraft:moss_carpet":2,"minecraft:raw_copper":9,"minecraft:wooden_sword":1,"minecraft:iron_leggings":2,"minecraft:cobbled_deepslate":184,"minecraft:bucket":1,"minecraft:spruce_planks":281,"minecraft:beef":66,"minecraft:calcite":2,"minecraft:azalea":4,"minecraft:iron_pickaxe":4,"minecraft:light_gray_wool":8,"minecraft:melon_slice":169,"minecraft:sugar_cane":260,"minecraft:iron_boots":2,"minecraft:egg":21,"minecraft:tipped_arrow":3,"minecraft:raw_iron":92,"minecraft:stick":26,"minecraft:big_dripleaf":25,"minecraft:torch":84,"minecraft:spruce_stairs":2,"minecraft:porkchop":67,"minecraft:diorite":1,"minecraft:redstone":124,"minecraft:cauldron":1,"minecraft:stone_sword":1,"minecraft:arrow":42,"minecraft:rotten_flesh":80,"minecraft:beetroot_seeds":3,"minecraft:pumpkin_pie":8,"minecraft:gold_ingot":7,"minecraft:mutton":95,"minecraft:obsidian":14,"minecraft:rail":13,"minecraft:snowball":7,"minecraft:white_wool":70,"minecraft:cobblestone":507,"minecraft:enchanting_table":1,"minecraft:feather":9,"minecraft:cooked_beef":22,"minecraft:andesite":35,"minecraft:leather":56,"minecraft:golden_leggings":1,"minecraft:tuff":81,"minecraft:oak_log":8,"minecraft:gunpowder":9,"minecraft:lapis_lazuli":86,"minecraft:dirt":158,"minecraft:white_banner":1,"minecraft:cooked_mutton":15,"minecraft:bone":38,"minecraft:bow":2,"minecraft:wheat_seeds":11,"minecraft:raw_gold":14,"minecraft:stone_pickaxe":1,"minecraft:cooked_chicken":2,"minecraft:moss_block":10,"minecraft:iron_sword":1,"minecraft:oak_planks":1,"minecraft:flowering_azalea":6,"minecraft:book":5,"minecraft:smooth_basalt":6,"minecraft:cooked_porkchop":12,"minecraft:pumpkin":12,"minecraft:dripstone_block":1,"minecraft:gravel":13,"minecraft:sand":995,"minecraft:amethyst_shard":30,"minecraft:spruce_log":198,"minecraft:spruce_sapling":17,"minecraft:white_bed":3,"minecraft:grass_block":1,"minecraft:spider_eye":2,"minecraft:diamond_shovel":1,"minecraft:pumpkin_seeds":5,"minecraft:sugar":2,"minecraft:diamond":72,"minecraft:iron_helmet":1,"minecraft:granite":54,"minecraft:diamond_axe":1,"minecraft:gray_wool":4,"minecraft:emerald":3,"minecraft:melon_seeds":4,"minecraft:black_wool":5,"minecraft:coal":303,"minecraft:diamond_pickaxe":3,"minecraft:ender_pearl":1},"minecraft:used":{"minecraft:azalea":4,"minecraft:moss_block":4,"minecraft:stone_sword":103,"minecraft:enchanting_table":2,"minecraft:spruce_planks":25,"minecraft:shield":37,"minecraft:cooked_chicken":3,"minecraft:rotten_flesh":4,"minecraft:torch":377,"minecraft:dirt":92,"minecraft:spyglass":10,"minecraft:tuff":27,"minecraft:axolotl_bucket":1,"minecraft:big_dripleaf":21,"minecraft:wooden_axe":31,"minecraft:flowering_azalea":6,"minecraft:bookshelf":18,"minecraft:bow":30,"minecraft:furnace":2,"minecraft:egg":2,"minecraft:cooked_beef":25,"minecraft:cobbled_deepslate":38,"minecraft:cooked_mutton":38,"minecraft:water_bucket":22,"minecraft:spruce_door":2,"minecraft:oak_planks":1,"minecraft:stone_pickaxe":187,"minecraft:cartography_table":1,"minecraft:wooden_pickaxe":8,"minecraft:cauldron":1,"minecraft:sugar_cane":41,"minecraft:diamond_axe":257,"minecraft:sand":2,"minecraft:red_bed":1,"minecraft:crafting_table":5,"minecraft:white_bed":9,"minecraft:diamond_pickaxe":1312,"minecraft:diamond_shovel":1172,"minecraft:iron_pickaxe":169,"minecraft:bread":6,"minecraft:melon_slice":10,"minecraft:spruce_sapling":17,"minecraft:diamond_sword":777,"minecraft:cobblestone":104,"minecraft:cooked_porkchop":29,"minecraft:bucket":24,"minecraft:pumpkin_pie":4},"minecraft:broken":{"minecraft:stone_pickaxe":1},"minecraft:mined":{"minecraft:tuff":107,"minecraft:spruce_planks":3,"minecraft:deepslate_diamond_ore":67,"minecraft:obsidian":15,"minecraft:granite":54,"minecraft:budding_amethyst":1,"minecraft:grass_block":109,"minecraft:spruce_leaves":77,"minecraft:moss_block":12,"minecraft:spawner":1,"minecraft:large_fern":2,"minecraft:iron_ore":35,"minecraft:cobbled_deepslate":2,"minecraft:snow":7,"minecraft:andesite":50,"minecraft:pumpkin":12,"minecraft:deepslate_lapis_ore":13,"minecraft:big_dripleaf_stem":4,"minecraft:enchanting_table":1,"minecraft:bookshelf":1,"minecraft:deepslate_iron_ore":55,"minecraft:vine":2,"minecraft:rail":13,"minecraft:packed_ice":11,"minecraft:azalea":4,"minecraft:stone":567,"minecraft:deepslate_redstone_ore":27,"minecraft:flowering_azalea":5,"minecraft:red_bed":1,"minecraft:amethyst_cluster":7,"minecraft:clay":5,"minecraft:torch":3,"minecraft:short_grass":14,"minecraft:emerald_ore":3,"minecraft:melon":35,"minecraft:calcite":14,"minecraft:copper_ore":2,"minecraft:cobblestone":18,"minecraft:deepslate_coal_ore":3,"minecraft:deepslate_gold_ore":10,"minecraft:oak_planks":1,"minecraft:sugar_cane":191,"minecraft:big_dripleaf":6,"minecraft:wall_torch":6,"minecraft:diorite":2,"minecraft:amethyst_block":9,"minecraft:cauldron":1,"minecraft:wheat":8,"minecraft:blue_ice":4,"minecraft:spruce_log":203,"minecraft:pumpkin_stem":1,"minecraft:coal_ore":284,"minecraft:oak_log":8,"minecraft:gravel":24,"minecraft:dirt":97,"minecraft:sand":1000,"minecraft:dripstone_block":11,"minecraft:cobweb":11,"minecraft:smooth_basalt":17,"minecraft:small_dripleaf":3,"minecraft:gold_ore":5,"minecraft:oak_leaves":11,"minecraft:deepslate":224},"minecraft:dropped":{"minecraft:iron_ingot":11,"minecraft:bread":1,"minecraft:moss_block":6,"minecraft:wheat_seeds":2,"minecraft:cooked_beef":7,"minecraft:diamond":4,"minecraft:dripstone_block":1,"minecraft:cooked_porkchop":12,"minecraft:cobblestone":43,"minecraft:spruce_door":1,"minecraft:spruce_stairs":1,"minecraft:dirt":35,"minecraft:torch":33,"minecraft:wooden_axe":1,"minecraft:snowball":5,"minecraft:iron_leggings":1,"minecraft:wooden_sword":1,"minecraft:white_banner":1,"minecraft:iron_pickaxe":6,"minecraft:string":3,"minecraft:gravel":12,"minecraft:moss_carpet":2,"minecraft:stone_sword":2,"minecraft:cobbled_deepslate":26,"minecraft:tuff":35,"minecraft:rotten_flesh":24,"minecraft:clay_ball":20,"minecraft:oak_planks":2,"minecraft:iron_boots":1,"minecraft:cooked_mutton":10,"minecraft:pumpkin_seeds":8,"minecraft:diamond_sword":1,"minecraft:big_dripleaf":4,"minecraft:tipped_arrow":1,"minecraft:flower_pot":1,"minecraft:spruce_planks":892,"minecraft:diamond_pickaxe":2,"minecraft:andesite":20,"minecraft:beetroot_seeds":6,"minecraft:melon_seeds":8,"minecraft:spider_eye":1,"minecraft:stone_pickaxe":2,"minecraft:wooden_pickaxe":2},"minecraft:killed_by":{"minecraft:skeleton":1},"minecraft:custom":{"minecraft:mob_kills":327,"minecraft:animals_bred":3,"minecraft:interact_with_crafting_table":80,"minecraft:leave_game":2,"minecraft:time_since_death":210521,"minecraft:climb_one_cm":4859,"minecraft:sprint_one_cm":1157187,"minecraft:walk_one_cm":2028449,"minecraft:damage_blocked_by_shield":2179,"minecraft:drop":111,"minecraft:talked_to_villager":2,"minecraft:play_time":451578,"minecraft:sneak_time":2843,"minecraft:deaths":1,"minecraft:walk_under_water_one_cm":22059,"minecraft:jump":7509,"minecraft:walk_on_water_one_cm":88330,"minecraft:total_world_time":451578,"minecraft:interact_with_furnace":231,"minecraft:interact_with_cartography_table":4,"minecraft:sleep_in_bed":8,"minecraft:time_since_rest":8363,"minecraft:damage_taken":6647,"minecraft:damage_dealt":45324,"minecraft:swim_one_cm":37702,"minecraft:fly_one_cm":1239731,"minecraft:open_chest":235,"minecraft:crouch_one_cm":8005,"minecraft:fall_one_cm":160160},"minecraft:killed":{"minecraft:bogged":4,"minecraft:spider":7,"minecraft:phantom":2,"minecraft:skeleton":40,"minecraft:chicken":11,"minecraft:llama":5,"minecraft:pig":37,"minecraft:zombie_villager":2,"minecraft:bat":1,"minecraft:frog":1,"minecraft:creeper":8,"minecraft:sheep":63,"minecraft:pillager":6,"minecraft:zombie":88,"minecraft:enderman":4,"minecraft:cow":36},"minecraft:crafted":{"minecraft:brick":101,"minecraft:oak_planks":28,"minecraft:spyglass":1,"minecraft:cooked_chicken":3,"minecraft:furnace":2,"minecraft:diamond_shovel":1,"minecraft:bookshelf":18,"minecraft:cooked_mutton":33,"minecraft:glass":152,"minecraft:iron_boots":1,"minecraft:stone_pickaxe":2,"minecraft:cooked_beef":53,"minecraft:sugar":14,"minecraft:diamond_sword":1,"minecraft:cooked_porkchop":60,"minecraft:diamond_axe":1,"minecraft:crafting_table":3,"minecraft:spruce_planks":792,"minecraft:enchanting_table":1,"minecraft:wooden_pickaxe":1,"minecraft:iron_helmet":1,"minecraft:spruce_door":3,"minecraft:copper_ingot":134,"minecraft:bucket":1,"minecraft:oak_wood":3,"minecraft:bread":4,"minecraft:air":0,"minecraft:cartography_table":1,"minecraft:iron_chestplate":1,"minecraft:book":52,"minecraft:paper":171,"minecraft:diamond_pickaxe":1,"minecraft:charcoal":8,"minecraft:shield":1,"minecraft:stick":108,"minecraft:iron_ingot":143,"minecraft:compass":1,"minecraft:iron_pickaxe":1,"minecraft:wooden_axe":1,"minecraft:stone_sword":1,"minecraft:iron_leggings":1,"minecraft:gold_ingot":91,"minecraft:white_bed":6,"minecraft:pumpkin_pie":12,"minecraft:torch":392}},"DataVersion":3953}