{"stats":{"minecraft:used":{"minecraft:cooked_mutton":6,"minecraft:wooden_axe":31,"minecraft:stone_sword":67,"minecraft:stone_pickaxe":170,"minecraft:wooden_pickaxe":8,"minecraft:torch":13,"minecraft:dirt":4,"minecraft:cobblestone":13,"minecraft:crafting_table":2,"minecraft:furnace":1,"minecraft:cooked_porkchop":2,"minecraft:white_bed":2},"minecraft:picked_up":{"minecraft:raw_iron":5,"minecraft:stick":1,"minecraft:feather":2,"minecraft:chicken":3,"minecraft:andesite":8,"minecraft:leather":2,"minecraft:torch":1,"minecraft:porkchop":10,"minecraft:oak_log":4,"minecraft:spruce_sapling":2,"minecraft:spruce_log":26,"minecraft:spider_eye":1,"minecraft:dirt":32,"minecraft:cooked_mutton":1,"minecraft:bone":2,"minecraft:arrow":4,"minecraft:rotten_flesh":2,"minecraft:beef":2,"minecraft:gray_wool":2,"minecraft:light_gray_wool":1,"minecraft:mutton":17,"minecraft:coal":111,"minecraft:white_wool":6,"minecraft:cobblestone":33,"minecraft:egg":2},"minecraft:mined":{"minecraft:iron_ore":5,"minecraft:spruce_log":25,"minecraft:andesite":8,"minecraft:short_grass":2,"minecraft:oak_log":4,"minecraft:grass_block":16,"minecraft:coal_ore":108,"minecraft:dirt":18,"minecraft:spruce_leaves":14,"minecraft:stone":33,"minecraft:wall_torch":1,"minecraft:oak_leaves":6},"minecraft:broken":{"minecraft:stone_pickaxe":1},"minecraft:dropped":{"minecraft:wooden_axe":1,"minecraft:cooked_mutton":3},"minecraft:custom":{"minecraft:time_since_rest":7615,"minecraft:interact_with_furnace":9,"minecraft:sprint_one_cm":28623,"minecraft:damage_taken":610,"minecraft:walk_one_cm":126838,"minecraft:mob_kills":30,"minecraft:drop":4,"minecraft:damage_dealt":3563,"minecraft:interact_with_crafting_table":8,"minecraft:swim_one_cm":6340,"minecraft:fly_one_cm":17357,"minecraft:crouch_one_cm":848,"minecraft:play_time":28269,"minecraft:sneak_time":444,"minecraft:walk_under_water_one_cm":5471,"minecraft:jump":343,"minecraft:time_since_death":28269,"minecraft:walk_on_water_one_cm":10782,"minecraft:sleep_in_bed":1,"minecraft:total_world_time":28269,"minecraft:fall_one_cm":8649},"minecraft:killed":{"minecraft:sheep":9,"minecraft:skeleton":3,"minecraft:zombie":5,"minecraft:pig":7,"minecraft:chicken":3,"minecraft:spider":1,"minecraft:cow":1},"minecraft:crafted":{"minecraft:oak_planks":12,"minecraft:cooked_porkchop":10,"minecraft:crafting_table":2,"minecraft:spruce_planks":32,"minecraft:stick":12,"minecraft:wooden_pickaxe":1,"minecraft:stone_pickaxe":2,"minecraft:wooden_axe":1,"minecraft:stone_sword":1,"minecraft:furnace":1,"minecraft:white_bed":2,"minecraft:oak_wood":3,"minecraft:torch":16,"minecraft:air":0,"minecraft:cooked_mutton":9}},"DataVersion":3953}