{"stats":{"minecraft:picked_up":{"minecraft:iron_chestplate":1,"minecraft:crafting_table":1,"minecraft:wheat":2,"minecraft:chicken":11,"minecraft:clay_ball":36,"minecraft:chest_minecart":1,"minecraft:diamond_sword":2,"minecraft:wooden_pickaxe":1,"minecraft:amethyst_block":8,"minecraft:red_bed":1,"minecraft:string":15,"minecraft:moss_carpet":2,"minecraft:raw_copper":9,"minecraft:wooden_sword":1,"minecraft:iron_leggings":1,"minecraft:cobbled_deepslate":165,"minecraft:bucket":1,"minecraft:spruce_planks":281,"minecraft:beef":65,"minecraft:calcite":2,"minecraft:iron_pickaxe":2,"minecraft:azalea":4,"minecraft:light_gray_wool":8,"minecraft:sugar_cane":260,"minecraft:iron_boots":1,"minecraft:egg":20,"minecraft:tipped_arrow":2,"minecraft:stick":25,"minecraft:raw_iron":80,"minecraft:big_dripleaf":25,"minecraft:torch":49,"minecraft:spruce_stairs":2,"minecraft:porkchop":67,"minecraft:redstone":124,"minecraft:stone_sword":1,"minecraft:rotten_flesh":71,"minecraft:arrow":33,"minecraft:beetroot_seeds":3,"minecraft:pumpkin_pie":8,"minecraft:gold_ingot":7,"minecraft:obsidian":14,"minecraft:mutton":95,"minecraft:rail":13,"minecraft:white_wool":70,"minecraft:cobblestone":307,"minecraft:enchanting_table":1,"minecraft:feather":9,"minecraft:cooked_beef":22,"minecraft:andesite":15,"minecraft:leather":55,"minecraft:golden_leggings":1,"minecraft:tuff":62,"minecraft:oak_log":8,"minecraft:gunpowder":9,"minecraft:lapis_lazuli":86,"minecraft:dirt":104,"minecraft:white_banner":1,"minecraft:cooked_mutton":15,"minecraft:bone":30,"minecraft:bow":2,"minecraft:wheat_seeds":9,"minecraft:raw_gold":14,"minecraft:stone_pickaxe":1,"minecraft:cooked_chicken":2,"minecraft:iron_sword":1,"minecraft:moss_block":10,"minecraft:oak_planks":1,"minecraft:flowering_azalea":6,"minecraft:book":5,"minecraft:smooth_basalt":6,"minecraft:cooked_porkchop":12,"minecraft:pumpkin":12,"minecraft:amethyst_shard":30,"minecraft:gravel":13,"minecraft:grass_block":1,"minecraft:spruce_sapling":17,"minecraft:white_bed":3,"minecraft:spruce_log":198,"minecraft:spider_eye":2,"minecraft:diamond_shovel":1,"minecraft:pumpkin_seeds":5,"minecraft:sugar":2,"minecraft:diamond":58,"minecraft:iron_helmet":1,"minecraft:diamond_axe":1,"minecraft:granite":54,"minecraft:gray_wool":4,"minecraft:emerald":3,"minecraft:black_wool":5,"minecraft:melon_seeds":4,"minecraft:coal":265,"minecraft:ender_pearl":1,"minecraft:diamond_pickaxe":2},"minecraft:used":{"minecraft:azalea":4,"minecraft:moss_block":4,"minecraft:stone_sword":103,"minecraft:enchanting_table":2,"minecraft:spruce_planks":25,"minecraft:shield":18,"minecraft:cooked_chicken":3,"minecraft:rotten_flesh":4,"minecraft:torch":283,"minecraft:dirt":11,"minecraft:tuff":27,"minecraft:axolotl_bucket":1,"minecraft:big_dripleaf":21,"minecraft:wooden_axe":31,"minecraft:flowering_azalea":6,"minecraft:bookshelf":18,"minecraft:bow":30,"minecraft:furnace":2,"minecraft:egg":1,"minecraft:cooked_beef":25,"minecraft:cobbled_deepslate":38,"minecraft:cooked_mutton":28,"minecraft:water_bucket":20,"minecraft:spruce_door":2,"minecraft:oak_planks":1,"minecraft:stone_pickaxe":187,"minecraft:cartography_table":1,"minecraft:wooden_pickaxe":8,"minecraft:sugar_cane":41,"minecraft:diamond_axe":257,"minecraft:crafting_table":4,"minecraft:red_bed":1,"minecraft:white_bed":9,"minecraft:diamond_pickaxe":867,"minecraft:diamond_shovel":98,"minecraft:bread":2,"minecraft:iron_pickaxe":169,"minecraft:spruce_sapling":17,"minecraft:diamond_sword":664,"minecraft:cobblestone":104,"minecraft:cooked_porkchop":22,"minecraft:bucket":22,"minecraft:pumpkin_pie":4},"minecraft:broken":{"minecraft:stone_pickaxe":1},"minecraft:mined":{"minecraft:tuff":76,"minecraft:spruce_planks":3,"minecraft:deepslate_diamond_ore":53,"minecraft:budding_amethyst":1,"minecraft:obsidian":15,"minecraft:granite":54,"minecraft:grass_block":59,"minecraft:spruce_leaves":77,"minecraft:moss_block":12,"minecraft:spawner":1,"minecraft:large_fern":2,"minecraft:cobbled_deepslate":2,"minecraft:iron_ore":31,"minecraft:andesite":15,"minecraft:pumpkin":12,"minecraft:deepslate_lapis_ore":13,"minecraft:big_dripleaf_stem":4,"minecraft:enchanting_table":1,"minecraft:bookshelf":1,"minecraft:deepslate_iron_ore":49,"minecraft:vine":1,"minecraft:rail":13,"minecraft:azalea":4,"minecraft:stone":322,"minecraft:deepslate_redstone_ore":27,"minecraft:flowering_azalea":5,"minecraft:red_bed":1,"minecraft:amethyst_cluster":7,"minecraft:clay":5,"minecraft:torch":2,"minecraft:short_grass":14,"minecraft:emerald_ore":3,"minecraft:calcite":14,"minecraft:copper_ore":2,"minecraft:cobblestone":10,"minecraft:deepslate_gold_ore":10,"minecraft:oak_planks":1,"minecraft:sugar_cane":191,"minecraft:diorite":1,"minecraft:wall_torch":6,"minecraft:amethyst_block":9,"minecraft:big_dripleaf":6,"minecraft:wheat":7,"minecraft:spruce_log":203,"minecraft:pumpkin_stem":1,"minecraft:oak_log":8,"minecraft:coal_ore":247,"minecraft:gravel":12,"minecraft:dirt":90,"minecraft:cobweb":11,"minecraft:smooth_basalt":17,"minecraft:small_dripleaf":3,"minecraft:gold_ore":5,"minecraft:oak_leaves":11,"minecraft:deepslate":191},"minecraft:dropped":{"minecraft:iron_ingot":11,"minecraft:moss_block":6,"minecraft:cooked_beef":7,"minecraft:diamond":4,"minecraft:cooked_porkchop":12,"minecraft:cobblestone":10,"minecraft:spruce_door":1,"minecraft:spruce_stairs":1,"minecraft:dirt":35,"minecraft:torch":33,"minecraft:wooden_axe":1,"minecraft:wooden_sword":1,"minecraft:white_banner":1,"minecraft:iron_pickaxe":3,"minecraft:gravel":12,"minecraft:moss_carpet":2,"minecraft:stone_sword":2,"minecraft:cobbled_deepslate":19,"minecraft:tuff":16,"minecraft:rotten_flesh":6,"minecraft:clay_ball":20,"minecraft:oak_planks":2,"minecraft:cooked_mutton":10,"minecraft:pumpkin_seeds":8,"minecraft:diamond_sword":1,"minecraft:big_dripleaf":4,"minecraft:spruce_planks":892,"minecraft:diamond_pickaxe":1,"minecraft:beetroot_seeds":6,"minecraft:melon_seeds":8,"minecraft:spider_eye":1,"minecraft:wooden_pickaxe":2,"minecraft:stone_pickaxe":2},"minecraft:killed_by":{"minecraft:skeleton":1},"minecraft:custom":{"minecraft:mob_kills":292,"minecraft:animals_bred":3,"minecraft:interact_with_crafting_table":72,"minecraft:leave_game":1,"minecraft:time_since_death":101386,"minecraft:climb_one_cm":3791,"minecraft:sprint_one_cm":960090,"minecraft:walk_one_cm":1555650,"minecraft:damage_blocked_by_shield":940,"minecraft:drop":88,"minecraft:talked_to_villager":1,"minecraft:play_time":342443,"minecraft:deaths":1,"minecraft:sneak_time":1977,"minecraft:walk_under_water_one_cm":15309,"minecraft:jump":5721,"minecraft:walk_on_water_one_cm":60179,"minecraft:total_world_time":342443,"minecraft:interact_with_furnace":184,"minecraft:interact_with_cartography_table":1,"minecraft:sleep_in_bed":4,"minecraft:time_since_rest":7637,"minecraft:damage_taken":5405,"minecraft:damage_dealt":39005,"minecraft:swim_one_cm":17350,"minecraft:fly_one_cm":760796,"minecraft:open_chest":148,"minecraft:crouch_one_cm":6075,"minecraft:fall_one_cm":130038},"minecraft:killed":{"minecraft:bogged":1,"minecraft:spider":7,"minecraft:phantom":2,"minecraft:skeleton":32,"minecraft:chicken":11,"minecraft:llama":5,"minecraft:pig":37,"minecraft:bat":1,"minecraft:frog":1,"minecraft:creeper":7,"minecraft:sheep":63,"minecraft:pillager":3,"minecraft:zombie":74,"minecraft:enderman":2,"minecraft:cow":35},"minecraft:crafted":{"minecraft:brick":101,"minecraft:oak_planks":28,"minecraft:cooked_chicken":3,"minecraft:furnace":2,"minecraft:diamond_shovel":1,"minecraft:bookshelf":18,"minecraft:cooked_mutton":33,"minecraft:iron_boots":1,"minecraft:stone_pickaxe":2,"minecraft:cooked_beef":53,"minecraft:sugar":14,"minecraft:diamond_sword":1,"minecraft:cooked_porkchop":60,"minecraft:diamond_axe":1,"minecraft:crafting_table":3,"minecraft:spruce_planks":792,"minecraft:enchanting_table":1,"minecraft:wooden_pickaxe":1,"minecraft:iron_helmet":1,"minecraft:spruce_door":3,"minecraft:copper_ingot":134,"minecraft:bucket":1,"minecraft:oak_wood":3,"minecraft:cartography_table":1,"minecraft:bread":2,"minecraft:air":0,"minecraft:iron_chestplate":1,"minecraft:book":52,"minecraft:paper":171,"minecraft:diamond_pickaxe":1,"minecraft:shield":1,"minecraft:stick":84,"minecraft:iron_ingot":68,"minecraft:iron_pickaxe":1,"minecraft:wooden_axe":1,"minecraft:stone_sword":1,"minecraft:iron_leggings":1,"minecraft:gold_ingot":33,"minecraft:white_bed":6,"minecraft:pumpkin_pie":12,"minecraft:torch":292}},"DataVersion":3953}