{"stats":{"minecraft:picked_up":{"minecraft:feather":2,"minecraft:chicken":3,"minecraft:andesite":14,"minecraft:leather":2,"minecraft:tuff":36,"minecraft:oak_log":4,"minecraft:gunpowder":1,"minecraft:lapis_lazuli":4,"minecraft:dirt":32,"minecraft:moss_carpet":1,"minecraft:cooked_mutton":1,"minecraft:bone":4,"minecraft:cobbled_deepslate":38,"minecraft:raw_gold":5,"minecraft:beef":2,"minecraft:light_gray_wool":1,"minecraft:moss_block":4,"minecraft:egg":2,"minecraft:stick":1,"minecraft:raw_iron":27,"minecraft:big_dripleaf":2,"minecraft:torch":3,"minecraft:porkchop":10,"minecraft:spruce_sapling":2,"minecraft:spruce_log":26,"minecraft:spider_eye":1,"minecraft:arrow":5,"minecraft:rotten_flesh":4,"minecraft:diamond":11,"minecraft:gray_wool":2,"minecraft:mutton":17,"minecraft:coal":111,"minecraft:white_wool":6,"minecraft:cobblestone":66},"minecraft:used":{"minecraft:moss_block":1,"minecraft:cooked_mutton":6,"minecraft:stone_sword":94,"minecraft:stone_pickaxe":187,"minecraft:wooden_pickaxe":8,"minecraft:torch":54,"minecraft:dirt":4,"minecraft:crafting_table":3,"minecraft:white_bed":2,"minecraft:wooden_axe":31,"minecraft:iron_pickaxe":155,"minecraft:cobblestone":13,"minecraft:furnace":2,"minecraft:cooked_porkchop":6},"minecraft:mined":{"minecraft:tuff":43,"minecraft:deepslate_diamond_ore":11,"minecraft:short_grass":3,"minecraft:grass_block":16,"minecraft:spruce_leaves":14,"minecraft:moss_block":5,"minecraft:wall_torch":1,"minecraft:big_dripleaf":1,"minecraft:iron_ore":5,"minecraft:spruce_log":25,"minecraft:andesite":14,"minecraft:deepslate_lapis_ore":1,"minecraft:coal_ore":108,"minecraft:oak_log":4,"minecraft:deepslate_iron_ore":22,"minecraft:dirt":18,"minecraft:stone":68,"minecraft:gold_ore":5,"minecraft:deepslate":42,"minecraft:oak_leaves":6},"minecraft:broken":{"minecraft:stone_pickaxe":1},"minecraft:dropped":{"minecraft:cooked_mutton":3,"minecraft:wooden_axe":1},"minecraft:custom":{"minecraft:interact_with_furnace":13,"minecraft:mob_kills":36,"minecraft:interact_with_crafting_table":11,"minecraft:time_since_death":40269,"minecraft:sleep_in_bed":1,"minecraft:time_since_rest":19615,"minecraft:sprint_one_cm":51514,"minecraft:damage_taken":922,"minecraft:walk_one_cm":192750,"minecraft:drop":4,"minecraft:damage_dealt":4765,"minecraft:swim_one_cm":6340,"minecraft:fly_one_cm":32284,"minecraft:crouch_one_cm":1297,"minecraft:play_time":40269,"minecraft:sneak_time":567,"minecraft:walk_under_water_one_cm":5471,"minecraft:jump":491,"minecraft:walk_on_water_one_cm":10782,"minecraft:total_world_time":40269,"minecraft:fall_one_cm":12104},"minecraft:killed":{"minecraft:pig":7,"minecraft:spider":1,"minecraft:skeleton":6,"minecraft:sheep":9,"minecraft:zombie":7,"minecraft:chicken":3,"minecraft:cow":1},"minecraft:crafted":{"minecraft:oak_planks":12,"minecraft:cooked_porkchop":10,"minecraft:crafting_table":3,"minecraft:spruce_planks":32,"minecraft:wooden_pickaxe":1,"minecraft:furnace":2,"minecraft:oak_wood":3,"minecraft:cooked_mutton":9,"minecraft:air":0,"minecraft:stick":40,"minecraft:iron_ingot":3,"minecraft:iron_pickaxe":1,"minecraft:stone_pickaxe":2,"minecraft:wooden_axe":1,"minecraft:stone_sword":1,"minecraft:white_bed":2,"minecraft:torch":120}},"DataVersion":3953}