{"stats":{"minecraft:picked_up":{"minecraft:feather":2,"minecraft:chicken":3,"minecraft:andesite":14,"minecraft:leather":2,"minecraft:wooden_pickaxe":1,"minecraft:tuff":36,"minecraft:oak_log":4,"minecraft:gunpowder":1,"minecraft:lapis_lazuli":16,"minecraft:dirt":33,"minecraft:moss_carpet":1,"minecraft:wooden_sword":1,"minecraft:cooked_mutton":1,"minecraft:bone":4,"minecraft:cobbled_deepslate":41,"minecraft:raw_gold":5,"minecraft:beef":2,"minecraft:stone_pickaxe":1,"minecraft:light_gray_wool":1,"minecraft:sugar_cane":3,"minecraft:moss_block":4,"minecraft:egg":2,"minecraft:stick":1,"minecraft:raw_iron":31,"minecraft:big_dripleaf":4,"minecraft:torch":3,"minecraft:porkchop":10,"minecraft:spruce_sapling":2,"minecraft:spruce_log":26,"minecraft:spider_eye":1,"minecraft:stone_sword":1,"minecraft:arrow":5,"minecraft:rotten_flesh":4,"minecraft:diamond":11,"minecraft:gray_wool":2,"minecraft:mutton":17,"minecraft:coal":114,"minecraft:white_wool":6,"minecraft:cobblestone":68},"minecraft:used":{"minecraft:moss_block":4,"minecraft:cooked_mutton":6,"minecraft:stone_sword":103,"minecraft:spruce_door":2,"minecraft:stone_pickaxe":187,"minecraft:wooden_pickaxe":8,"minecraft:torch":59,"minecraft:dirt":4,"minecraft:crafting_table":3,"minecraft:white_bed":2,"minecraft:wooden_axe":31,"minecraft:diamond_pickaxe":3,"minecraft:iron_pickaxe":168,"minecraft:spruce_sapling":2,"minecraft:cobblestone":32,"minecraft:furnace":2,"minecraft:cooked_porkchop":8},"minecraft:mined":{"minecraft:tuff":43,"minecraft:deepslate_diamond_ore":11,"minecraft:short_grass":3,"minecraft:grass_block":23,"minecraft:cobblestone":2,"minecraft:spruce_leaves":14,"minecraft:sugar_cane":1,"minecraft:moss_block":5,"minecraft:diorite":1,"minecraft:wall_torch":1,"minecraft:big_dripleaf":1,"minecraft:iron_ore":5,"minecraft:spruce_log":25,"minecraft:andesite":14,"minecraft:deepslate_lapis_ore":3,"minecraft:coal_ore":111,"minecraft:oak_log":4,"minecraft:deepslate_iron_ore":26,"minecraft:dirt":20,"minecraft:stone":68,"minecraft:gold_ore":5,"minecraft:deepslate":45,"minecraft:oak_leaves":6},"minecraft:broken":{"minecraft:stone_pickaxe":1},"minecraft:dropped":{"minecraft:iron_ingot":11,"minecraft:moss_carpet":1,"minecraft:stone_sword":2,"minecraft:cooked_mutton":3,"minecraft:spruce_door":1,"minecraft:big_dripleaf":4,"minecraft:torch":33,"minecraft:wooden_axe":1,"minecraft:wooden_sword":1,"minecraft:wooden_pickaxe":2,"minecraft:stone_pickaxe":2},"minecraft:custom":{"minecraft:interact_with_furnace":36,"minecraft:mob_kills":38,"minecraft:interact_with_crafting_table":16,"minecraft:time_since_death":52269,"minecraft:sleep_in_bed":1,"minecraft:time_since_rest":31615,"minecraft:sprint_one_cm":70476,"minecraft:damage_taken":1032,"minecraft:walk_one_cm":253135,"minecraft:drop":18,"minecraft:damage_dealt":5164,"minecraft:swim_one_cm":6340,"minecraft:fly_one_cm":43358,"minecraft:open_chest":10,"minecraft:crouch_one_cm":1297,"minecraft:play_time":52269,"minecraft:sneak_time":567,"minecraft:walk_under_water_one_cm":5514,"minecraft:jump":744,"minecraft:walk_on_water_one_cm":14538,"minecraft:total_world_time":52269,"minecraft:fall_one_cm":15172},"minecraft:killed":{"minecraft:pig":7,"minecraft:spider":1,"minecraft:skeleton":7,"minecraft:sheep":9,"minecraft:zombie":8,"minecraft:chicken":3,"minecraft:cow":1},"minecraft:crafted":{"minecraft:oak_planks":12,"minecraft:diamond_sword":1,"minecraft:cooked_porkchop":10,"minecraft:crafting_table":3,"minecraft:spruce_planks":104,"minecraft:wooden_pickaxe":1,"minecraft:spruce_door":3,"minecraft:furnace":2,"minecraft:copper_ingot":32,"minecraft:oak_wood":3,"minecraft:cooked_mutton":9,"minecraft:air":0,"minecraft:diamond_pickaxe":1,"minecraft:stick":44,"minecraft:iron_ingot":14,"minecraft:iron_pickaxe":1,"minecraft:stone_pickaxe":2,"minecraft:wooden_axe":1,"minecraft:stone_sword":1,"minecraft:white_bed":2,"minecraft:torch":120}},"DataVersion":3953}