{"stats":{"minecraft:picked_up":{"minecraft:feather":5,"minecraft:chicken":8,"minecraft:andesite":15,"minecraft:leather":8,"minecraft:wooden_pickaxe":1,"minecraft:tuff":36,"minecraft:oak_log":4,"minecraft:gunpowder":3,"minecraft:string":1,"minecraft:lapis_lazuli":16,"minecraft:dirt":71,"minecraft:moss_carpet":2,"minecraft:raw_copper":9,"minecraft:wooden_sword":1,"minecraft:cooked_mutton":2,"minecraft:bone":4,"minecraft:bow":1,"minecraft:wheat_seeds":1,"minecraft:spruce_planks":2,"minecraft:cobbled_deepslate":41,"minecraft:raw_gold":5,"minecraft:beef":10,"minecraft:stone_pickaxe":1,"minecraft:azalea":4,"minecraft:light_gray_wool":2,"minecraft:sugar_cane":28,"minecraft:moss_block":7,"minecraft:flowering_azalea":6,"minecraft:egg":3,"minecraft:stick":1,"minecraft:raw_iron":51,"minecraft:big_dripleaf":25,"minecraft:torch":7,"minecraft:porkchop":21,"minecraft:spruce_sapling":2,"minecraft:spruce_log":26,"minecraft:spider_eye":2,"minecraft:stone_sword":1,"minecraft:arrow":7,"minecraft:rotten_flesh":9,"minecraft:diamond":14,"minecraft:granite":50,"minecraft:gray_wool":2,"minecraft:mutton":39,"minecraft:coal":167,"minecraft:rail":1,"minecraft:white_wool":22,"minecraft:cobblestone":178},"minecraft:used":{"minecraft:azalea":4,"minecraft:moss_block":4,"minecraft:cooked_mutton":11,"minecraft:water_bucket":1,"minecraft:stone_sword":103,"minecraft:spruce_door":2,"minecraft:stone_pickaxe":187,"minecraft:spruce_planks":22,"minecraft:wooden_pickaxe":8,"minecraft:cooked_chicken":1,"minecraft:torch":111,"minecraft:dirt":10,"minecraft:crafting_table":3,"minecraft:white_bed":6,"minecraft:axolotl_bucket":1,"minecraft:big_dripleaf":21,"minecraft:wooden_axe":31,"minecraft:flowering_azalea":6,"minecraft:diamond_pickaxe":226,"minecraft:diamond_shovel":26,"minecraft:iron_pickaxe":168,"minecraft:spruce_sapling":2,"minecraft:diamond_sword":112,"minecraft:cobblestone":84,"minecraft:furnace":2,"minecraft:cooked_porkchop":10,"minecraft:bucket":3},"minecraft:mined":{"minecraft:tuff":43,"minecraft:spruce_planks":2,"minecraft:flowering_azalea":5,"minecraft:deepslate_diamond_ore":11,"minecraft:torch":1,"minecraft:granite":50,"minecraft:short_grass":8,"minecraft:grass_block":27,"minecraft:copper_ore":2,"minecraft:cobblestone":3,"minecraft:spruce_leaves":17,"minecraft:sugar_cane":12,"minecraft:moss_block":9,"minecraft:diorite":1,"minecraft:wall_torch":3,"minecraft:big_dripleaf":6,"minecraft:large_fern":2,"minecraft:iron_ore":25,"minecraft:spruce_log":25,"minecraft:andesite":15,"minecraft:big_dripleaf_stem":4,"minecraft:deepslate_lapis_ore":3,"minecraft:vine":1,"minecraft:coal_ore":164,"minecraft:oak_log":4,"minecraft:deepslate_iron_ore":26,"minecraft:rail":1,"minecraft:dirt":61,"minecraft:azalea":4,"minecraft:stone":159,"minecraft:small_dripleaf":3,"minecraft:gold_ore":5,"minecraft:deepslate":45,"minecraft:oak_leaves":6},"minecraft:broken":{"minecraft:stone_pickaxe":1},"minecraft:dropped":{"minecraft:iron_ingot":11,"minecraft:moss_carpet":1,"minecraft:stone_sword":2,"minecraft:diamond":3,"minecraft:cooked_mutton":3,"minecraft:spruce_door":1,"minecraft:big_dripleaf":4,"minecraft:dirt":25,"minecraft:torch":33,"minecraft:wooden_axe":1,"minecraft:wooden_sword":1,"minecraft:wooden_pickaxe":2,"minecraft:stone_pickaxe":2},"minecraft:custom":{"minecraft:interact_with_furnace":79,"minecraft:mob_kills":82,"minecraft:interact_with_crafting_table":21,"minecraft:time_since_death":94269,"minecraft:sleep_in_bed":1,"minecraft:climb_one_cm":488,"minecraft:time_since_rest":73615,"minecraft:sprint_one_cm":195061,"minecraft:damage_taken":1457,"minecraft:walk_one_cm":452112,"minecraft:drop":21,"minecraft:damage_dealt":10229,"minecraft:talked_to_villager":1,"minecraft:swim_one_cm":7429,"minecraft:fly_one_cm":114246,"minecraft:open_chest":36,"minecraft:crouch_one_cm":1914,"minecraft:play_time":94269,"minecraft:sneak_time":875,"minecraft:walk_under_water_one_cm":6201,"minecraft:jump":1531,"minecraft:walk_on_water_one_cm":22903,"minecraft:total_world_time":94269,"minecraft:fall_one_cm":34322},"minecraft:killed":{"minecraft:pig":12,"minecraft:spider":2,"minecraft:creeper":1,"minecraft:skeleton":9,"minecraft:sheep":26,"minecraft:zombie":17,"minecraft:chicken":8,"minecraft:cow":5},"minecraft:crafted":{"minecraft:cooked_beef":8,"minecraft:oak_planks":12,"minecraft:diamond_sword":1,"minecraft:cooked_porkchop":21,"minecraft:crafting_table":3,"minecraft:spruce_planks":104,"minecraft:wooden_pickaxe":1,"minecraft:cooked_chicken":1,"minecraft:spruce_door":3,"minecraft:furnace":2,"minecraft:copper_ingot":82,"minecraft:bucket":1,"minecraft:diamond_shovel":1,"minecraft:oak_wood":3,"minecraft:cooked_mutton":12,"minecraft:air":0,"minecraft:diamond_pickaxe":1,"minecraft:stick":68,"minecraft:iron_ingot":56,"minecraft:iron_pickaxe":1,"minecraft:stone_pickaxe":2,"minecraft:wooden_axe":1,"minecraft:stone_sword":1,"minecraft:gold_ingot":5,"minecraft:white_bed":6,"minecraft:torch":204}},"DataVersion":3953}