{"stats":{"minecraft:picked_up":{"minecraft:crafting_table":1,"minecraft:wheat":1,"minecraft:chicken":11,"minecraft:clay_ball":8,"minecraft:chest_minecart":1,"minecraft:diamond_sword":1,"minecraft:wooden_pickaxe":1,"minecraft:red_bed":1,"minecraft:string":12,"minecraft:moss_carpet":2,"minecraft:raw_copper":9,"minecraft:wooden_sword":1,"minecraft:cobbled_deepslate":60,"minecraft:spruce_planks":259,"minecraft:beef":42,"minecraft:azalea":4,"minecraft:light_gray_wool":3,"minecraft:sugar_cane":166,"minecraft:egg":9,"minecraft:tipped_arrow":1,"minecraft:stick":12,"minecraft:raw_iron":70,"minecraft:big_dripleaf":25,"minecraft:torch":8,"minecraft:spruce_stairs":1,"minecraft:porkchop":47,"minecraft:redstone":6,"minecraft:stone_sword":1,"minecraft:rotten_flesh":33,"minecraft:arrow":17,"minecraft:beetroot_seeds":3,"minecraft:obsidian":14,"minecraft:mutton":65,"minecraft:rail":13,"minecraft:white_wool":33,"minecraft:cobblestone":204,"minecraft:enchanting_table":1,"minecraft:feather":8,"minecraft:andesite":15,"minecraft:leather":35,"minecraft:tuff":38,"minecraft:oak_log":8,"minecraft:gunpowder":8,"minecraft:lapis_lazuli":37,"minecraft:dirt":92,"minecraft:white_banner":1,"minecraft:cooked_mutton":2,"minecraft:bone":14,"minecraft:bow":1,"minecraft:wheat_seeds":9,"minecraft:raw_gold":5,"minecraft:stone_pickaxe":1,"minecraft:moss_block":7,"minecraft:oak_planks":1,"minecraft:flowering_azalea":6,"minecraft:pumpkin":12,"minecraft:gravel":12,"minecraft:spruce_sapling":17,"minecraft:white_bed":3,"minecraft:spruce_log":198,"minecraft:spider_eye":2,"minecraft:pumpkin_seeds":5,"minecraft:diamond":26,"minecraft:granite":50,"minecraft:gray_wool":4,"minecraft:emerald":3,"minecraft:black_wool":2,"minecraft:melon_seeds":4,"minecraft:coal":242,"minecraft:diamond_pickaxe":1},"minecraft:used":{"minecraft:azalea":4,"minecraft:moss_block":4,"minecraft:stone_sword":103,"minecraft:enchanting_table":2,"minecraft:spruce_planks":25,"minecraft:cooked_chicken":1,"minecraft:rotten_flesh":4,"minecraft:torch":159,"minecraft:dirt":11,"minecraft:tuff":27,"minecraft:axolotl_bucket":1,"minecraft:big_dripleaf":21,"minecraft:wooden_axe":31,"minecraft:flowering_azalea":6,"minecraft:bookshelf":9,"minecraft:bow":13,"minecraft:furnace":2,"minecraft:egg":1,"minecraft:cooked_beef":8,"minecraft:cooked_mutton":28,"minecraft:water_bucket":13,"minecraft:spruce_door":2,"minecraft:oak_planks":1,"minecraft:stone_pickaxe":187,"minecraft:wooden_pickaxe":8,"minecraft:sugar_cane":41,"minecraft:diamond_axe":256,"minecraft:crafting_table":4,"minecraft:red_bed":1,"minecraft:white_bed":9,"minecraft:diamond_pickaxe":454,"minecraft:diamond_shovel":86,"minecraft:bread":2,"minecraft:iron_pickaxe":169,"minecraft:spruce_sapling":17,"minecraft:diamond_sword":413,"minecraft:cobblestone":95,"minecraft:cooked_porkchop":15,"minecraft:bucket":14,"minecraft:pumpkin_pie":1},"minecraft:broken":{"minecraft:stone_pickaxe":1},"minecraft:mined":{"minecraft:tuff":52,"minecraft:spruce_planks":3,"minecraft:deepslate_diamond_ore":23,"minecraft:obsidian":15,"minecraft:granite":50,"minecraft:grass_block":50,"minecraft:spruce_leaves":72,"minecraft:moss_block":9,"minecraft:spawner":1,"minecraft:large_fern":2,"minecraft:iron_ore":25,"minecraft:andesite":15,"minecraft:pumpkin":12,"minecraft:deepslate_lapis_ore":6,"minecraft:big_dripleaf_stem":4,"minecraft:enchanting_table":1,"minecraft:deepslate_iron_ore":45,"minecraft:vine":1,"minecraft:rail":13,"minecraft:azalea":4,"minecraft:stone":207,"minecraft:flowering_azalea":5,"minecraft:red_bed":1,"minecraft:clay":2,"minecraft:torch":2,"minecraft:short_grass":9,"minecraft:emerald_ore":3,"minecraft:copper_ore":2,"minecraft:cobblestone":10,"minecraft:oak_planks":1,"minecraft:sugar_cane":138,"minecraft:diorite":1,"minecraft:wall_torch":3,"minecraft:big_dripleaf":6,"minecraft:wheat":7,"minecraft:spruce_log":203,"minecraft:pumpkin_stem":1,"minecraft:oak_log":8,"minecraft:coal_ore":239,"minecraft:gravel":12,"minecraft:dirt":88,"minecraft:cobweb":11,"minecraft:small_dripleaf":3,"minecraft:gold_ore":5,"minecraft:oak_leaves":11,"minecraft:deepslate":67},"minecraft:dropped":{"minecraft:iron_ingot":11,"minecraft:moss_block":3,"minecraft:diamond":3,"minecraft:cooked_porkchop":6,"minecraft:spruce_door":1,"minecraft:dirt":25,"minecraft:torch":33,"minecraft:wooden_axe":1,"minecraft:wooden_sword":1,"minecraft:white_banner":1,"minecraft:iron_pickaxe":2,"minecraft:gravel":12,"minecraft:moss_carpet":2,"minecraft:stone_sword":2,"minecraft:cobbled_deepslate":19,"minecraft:rotten_flesh":6,"minecraft:clay_ball":8,"minecraft:oak_planks":2,"minecraft:cooked_mutton":10,"minecraft:pumpkin_seeds":8,"minecraft:diamond_sword":1,"minecraft:big_dripleaf":4,"minecraft:spruce_planks":892,"minecraft:diamond_pickaxe":1,"minecraft:beetroot_seeds":6,"minecraft:melon_seeds":8,"minecraft:spider_eye":1,"minecraft:wooden_pickaxe":2,"minecraft:stone_pickaxe":2},"minecraft:custom":{"minecraft:mob_kills":189,"minecraft:animals_bred":3,"minecraft:interact_with_crafting_table":52,"minecraft:leave_game":1,"minecraft:time_since_death":222443,"minecraft:climb_one_cm":1676,"minecraft:sprint_one_cm":608688,"minecraft:walk_one_cm":1002029,"minecraft:drop":64,"minecraft:talked_to_villager":1,"minecraft:play_time":222443,"minecraft:sneak_time":1138,"minecraft:walk_under_water_one_cm":8844,"minecraft:jump":3571,"minecraft:walk_on_water_one_cm":38124,"minecraft:total_world_time":222443,"minecraft:interact_with_furnace":123,"minecraft:sleep_in_bed":3,"minecraft:time_since_rest":52437,"minecraft:damage_taken":3443,"minecraft:damage_dealt":25469,"minecraft:swim_one_cm":9301,"minecraft:fly_one_cm":440169,"minecraft:open_chest":96,"minecraft:crouch_one_cm":2597,"minecraft:fall_one_cm":80563},"minecraft:killed":{"minecraft:bogged":1,"minecraft:spider":3,"minecraft:phantom":1,"minecraft:skeleton":19,"minecraft:chicken":11,"minecraft:llama":3,"minecraft:pig":26,"minecraft:creeper":4,"minecraft:sheep":42,"minecraft:pillager":3,"minecraft:zombie":51,"minecraft:cow":22},"minecraft:crafted":{"minecraft:brick":78,"minecraft:oak_planks":28,"minecraft:cooked_chicken":1,"minecraft:furnace":2,"minecraft:diamond_shovel":1,"minecraft:bookshelf":9,"minecraft:cooked_mutton":12,"minecraft:iron_boots":1,"minecraft:stone_pickaxe":2,"minecraft:cooked_beef":18,"minecraft:sugar":14,"minecraft:diamond_sword":1,"minecraft:cooked_porkchop":21,"minecraft:diamond_axe":1,"minecraft:crafting_table":3,"minecraft:spruce_planks":792,"minecraft:enchanting_table":1,"minecraft:wooden_pickaxe":1,"minecraft:iron_helmet":1,"minecraft:spruce_door":3,"minecraft:copper_ingot":123,"minecraft:bucket":1,"minecraft:oak_wood":3,"minecraft:bread":2,"minecraft:air":0,"minecraft:iron_chestplate":1,"minecraft:book":30,"minecraft:paper":108,"minecraft:diamond_pickaxe":1,"minecraft:stick":68,"minecraft:iron_ingot":61,"minecraft:iron_pickaxe":1,"minecraft:wooden_axe":1,"minecraft:stone_sword":1,"minecraft:iron_leggings":1,"minecraft:gold_ingot":17,"minecraft:white_bed":6,"minecraft:pumpkin_pie":6,"minecraft:torch":204}},"DataVersion":3953}