{"stats":{"minecraft:picked_up":{"minecraft:chicken":8,"minecraft:clay_ball":8,"minecraft:chest_minecart":1,"minecraft:wooden_pickaxe":1,"minecraft:string":12,"minecraft:moss_carpet":2,"minecraft:raw_copper":9,"minecraft:wooden_sword":1,"minecraft:cobbled_deepslate":46,"minecraft:spruce_planks":2,"minecraft:beef":10,"minecraft:azalea":4,"minecraft:light_gray_wool":2,"minecraft:sugar_cane":28,"minecraft:egg":3,"minecraft:raw_iron":65,"minecraft:stick":1,"minecraft:big_dripleaf":25,"minecraft:torch":7,"minecraft:porkchop":21,"minecraft:stone_sword":1,"minecraft:rotten_flesh":12,"minecraft:arrow":12,"minecraft:mutton":39,"minecraft:white_wool":22,"minecraft:rail":13,"minecraft:cobblestone":193,"minecraft:feather":5,"minecraft:andesite":15,"minecraft:leather":8,"minecraft:tuff":36,"minecraft:oak_log":4,"minecraft:gunpowder":4,"minecraft:lapis_lazuli":16,"minecraft:dirt":71,"minecraft:cooked_mutton":2,"minecraft:bone":7,"minecraft:bow":1,"minecraft:wheat_seeds":1,"minecraft:raw_gold":5,"minecraft:stone_pickaxe":1,"minecraft:moss_block":7,"minecraft:flowering_azalea":6,"minecraft:gravel":12,"minecraft:spruce_sapling":2,"minecraft:spruce_log":26,"minecraft:spider_eye":2,"minecraft:diamond":20,"minecraft:granite":50,"minecraft:gray_wool":2,"minecraft:emerald":1,"minecraft:coal":209},"minecraft:used":{"minecraft:azalea":4,"minecraft:moss_block":4,"minecraft:stone_sword":103,"minecraft:spruce_planks":22,"minecraft:cooked_chicken":1,"minecraft:torch":146,"minecraft:dirt":10,"minecraft:axolotl_bucket":1,"minecraft:big_dripleaf":21,"minecraft:wooden_axe":31,"minecraft:flowering_azalea":6,"minecraft:bow":9,"minecraft:furnace":2,"minecraft:cooked_beef":6,"minecraft:cooked_mutton":11,"minecraft:water_bucket":7,"minecraft:spruce_door":2,"minecraft:stone_pickaxe":187,"minecraft:wooden_pickaxe":8,"minecraft:crafting_table":3,"minecraft:white_bed":6,"minecraft:diamond_pickaxe":323,"minecraft:diamond_shovel":37,"minecraft:iron_pickaxe":169,"minecraft:spruce_sapling":2,"minecraft:diamond_sword":169,"minecraft:cobblestone":93,"minecraft:cooked_porkchop":10,"minecraft:bucket":8},"minecraft:broken":{"minecraft:stone_pickaxe":1},"minecraft:mined":{"minecraft:tuff":43,"minecraft:spruce_planks":2,"minecraft:deepslate_diamond_ore":17,"minecraft:granite":50,"minecraft:grass_block":27,"minecraft:spruce_leaves":17,"minecraft:moss_block":9,"minecraft:spawner":1,"minecraft:large_fern":2,"minecraft:iron_ore":25,"minecraft:andesite":15,"minecraft:deepslate_lapis_ore":3,"minecraft:big_dripleaf_stem":4,"minecraft:deepslate_iron_ore":40,"minecraft:vine":1,"minecraft:rail":13,"minecraft:azalea":4,"minecraft:stone":174,"minecraft:flowering_azalea":5,"minecraft:clay":2,"minecraft:torch":1,"minecraft:short_grass":8,"minecraft:emerald_ore":1,"minecraft:copper_ore":2,"minecraft:cobblestone":3,"minecraft:sugar_cane":12,"minecraft:diorite":1,"minecraft:wall_torch":3,"minecraft:big_dripleaf":6,"minecraft:spruce_log":25,"minecraft:oak_log":4,"minecraft:coal_ore":206,"minecraft:dirt":61,"minecraft:gravel":12,"minecraft:cobweb":11,"minecraft:small_dripleaf":3,"minecraft:gold_ore":5,"minecraft:oak_leaves":6,"minecraft:deepslate":51},"minecraft:dropped":{"minecraft:iron_ingot":11,"minecraft:moss_block":3,"minecraft:diamond":3,"minecraft:spruce_door":1,"minecraft:dirt":25,"minecraft:torch":33,"minecraft:wooden_axe":1,"minecraft:wooden_sword":1,"minecraft:gravel":12,"minecraft:moss_carpet":2,"minecraft:stone_sword":2,"minecraft:cooked_mutton":3,"minecraft:big_dripleaf":4,"minecraft:spider_eye":1,"minecraft:stone_pickaxe":2,"minecraft:wooden_pickaxe":2},"minecraft:custom":{"minecraft:mob_kills":101,"minecraft:interact_with_crafting_table":21,"minecraft:time_since_death":106269,"minecraft:climb_one_cm":488,"minecraft:sprint_one_cm":236019,"minecraft:walk_one_cm":531547,"minecraft:drop":25,"minecraft:talked_to_villager":1,"minecraft:play_time":106269,"minecraft:sneak_time":875,"minecraft:walk_under_water_one_cm":6201,"minecraft:jump":1690,"minecraft:walk_on_water_one_cm":25222,"minecraft:total_world_time":106269,"minecraft:interact_with_furnace":79,"minecraft:sleep_in_bed":1,"minecraft:time_since_rest":85615,"minecraft:damage_taken":2012,"minecraft:damage_dealt":13012,"minecraft:swim_one_cm":7429,"minecraft:fly_one_cm":126126,"minecraft:open_chest":36,"minecraft:crouch_one_cm":1914,"minecraft:fall_one_cm":38755},"minecraft:killed":{"minecraft:spider":3,"minecraft:skeleton":12,"minecraft:chicken":8,"minecraft:pig":12,"minecraft:creeper":2,"minecraft:sheep":26,"minecraft:zombie":30,"minecraft:cow":5},"minecraft:crafted":{"minecraft:oak_planks":12,"minecraft:cooked_chicken":1,"minecraft:furnace":2,"minecraft:diamond_shovel":1,"minecraft:cooked_mutton":12,"minecraft:stone_pickaxe":2,"minecraft:cooked_beef":8,"minecraft:diamond_sword":1,"minecraft:cooked_porkchop":21,"minecraft:crafting_table":3,"minecraft:spruce_planks":104,"minecraft:wooden_pickaxe":1,"minecraft:spruce_door":3,"minecraft:copper_ingot":82,"minecraft:bucket":1,"minecraft:oak_wood":3,"minecraft:air":0,"minecraft:diamond_pickaxe":1,"minecraft:stick":68,"minecraft:iron_ingot":56,"minecraft:iron_pickaxe":1,"minecraft:wooden_axe":1,"minecraft:stone_sword":1,"minecraft:gold_ingot":5,"minecraft:white_bed":6,"minecraft:torch":204}},"DataVersion":3953}