{"stats":{"minecraft:picked_up":{"minecraft:feather":2,"minecraft:chicken":4,"minecraft:andesite":15,"minecraft:leather":2,"minecraft:wooden_pickaxe":1,"minecraft:tuff":36,"minecraft:oak_log":4,"minecraft:gunpowder":1,"minecraft:lapis_lazuli":16,"minecraft:dirt":44,"minecraft:moss_carpet":1,"minecraft:raw_copper":9,"minecraft:wooden_sword":1,"minecraft:cooked_mutton":2,"minecraft:bone":4,"minecraft:cobbled_deepslate":41,"minecraft:raw_gold":5,"minecraft:beef":2,"minecraft:stone_pickaxe":1,"minecraft:light_gray_wool":2,"minecraft:sugar_cane":3,"minecraft:moss_block":4,"minecraft:egg":2,"minecraft:stick":1,"minecraft:raw_iron":35,"minecraft:big_dripleaf":4,"minecraft:torch":6,"minecraft:porkchop":18,"minecraft:spruce_sapling":2,"minecraft:spruce_log":26,"minecraft:spider_eye":1,"minecraft:stone_sword":1,"minecraft:arrow":5,"minecraft:rotten_flesh":7,"minecraft:diamond":14,"minecraft:granite":50,"minecraft:gray_wool":2,"minecraft:mutton":20,"minecraft:coal":144,"minecraft:white_wool":7,"minecraft:cobblestone":173},"minecraft:used":{"minecraft:moss_block":4,"minecraft:cooked_mutton":7,"minecraft:stone_sword":103,"minecraft:spruce_door":2,"minecraft:stone_pickaxe":187,"minecraft:wooden_pickaxe":8,"minecraft:torch":86,"minecraft:dirt":10,"minecraft:crafting_table":3,"minecraft:white_bed":2,"minecraft:wooden_axe":31,"minecraft:diamond_pickaxe":177,"minecraft:iron_pickaxe":168,"minecraft:spruce_sapling":2,"minecraft:diamond_sword":37,"minecraft:cobblestone":79,"minecraft:furnace":2,"minecraft:cooked_porkchop":10},"minecraft:mined":{"minecraft:tuff":43,"minecraft:deepslate_diamond_ore":11,"minecraft:torch":1,"minecraft:granite":50,"minecraft:short_grass":3,"minecraft:grass_block":24,"minecraft:copper_ore":2,"minecraft:cobblestone":3,"minecraft:spruce_leaves":17,"minecraft:sugar_cane":1,"minecraft:moss_block":5,"minecraft:diorite":1,"minecraft:wall_torch":2,"minecraft:big_dripleaf":1,"minecraft:large_fern":2,"minecraft:iron_ore":9,"minecraft:spruce_log":25,"minecraft:andesite":15,"minecraft:deepslate_lapis_ore":3,"minecraft:coal_ore":141,"minecraft:oak_log":4,"minecraft:deepslate_iron_ore":26,"minecraft:dirt":36,"minecraft:stone":154,"minecraft:gold_ore":5,"minecraft:deepslate":45,"minecraft:oak_leaves":6},"minecraft:broken":{"minecraft:stone_pickaxe":1},"minecraft:dropped":{"minecraft:iron_ingot":11,"minecraft:moss_carpet":1,"minecraft:stone_sword":2,"minecraft:diamond":3,"minecraft:cooked_mutton":3,"minecraft:spruce_door":1,"minecraft:big_dripleaf":4,"minecraft:dirt":1,"minecraft:torch":33,"minecraft:wooden_axe":1,"minecraft:wooden_sword":1,"minecraft:wooden_pickaxe":2,"minecraft:stone_pickaxe":2},"minecraft:custom":{"minecraft:interact_with_furnace":59,"minecraft:mob_kills":51,"minecraft:interact_with_crafting_table":16,"minecraft:time_since_death":70269,"minecraft:sleep_in_bed":1,"minecraft:time_since_rest":49615,"minecraft:sprint_one_cm":123080,"minecraft:damage_taken":1242,"minecraft:walk_one_cm":321140,"minecraft:drop":20,"minecraft:damage_dealt":7064,"minecraft:swim_one_cm":6340,"minecraft:fly_one_cm":69481,"minecraft:open_chest":20,"minecraft:crouch_one_cm":1445,"minecraft:play_time":70269,"minecraft:sneak_time":769,"minecraft:walk_under_water_one_cm":5698,"minecraft:jump":1009,"minecraft:walk_on_water_one_cm":15497,"minecraft:total_world_time":70269,"minecraft:fall_one_cm":19847},"minecraft:killed":{"minecraft:pig":11,"minecraft:spider":1,"minecraft:skeleton":8,"minecraft:sheep":11,"minecraft:zombie":13,"minecraft:chicken":4,"minecraft:cow":1},"minecraft:crafted":{"minecraft:oak_planks":12,"minecraft:diamond_sword":1,"minecraft:cooked_porkchop":10,"minecraft:crafting_table":3,"minecraft:spruce_planks":104,"minecraft:wooden_pickaxe":1,"minecraft:cooked_chicken":1,"minecraft:spruce_door":3,"minecraft:furnace":2,"minecraft:copper_ingot":34,"minecraft:oak_wood":3,"minecraft:cooked_mutton":12,"minecraft:air":0,"minecraft:diamond_pickaxe":1,"minecraft:stick":44,"minecraft:iron_ingot":31,"minecraft:iron_pickaxe":1,"minecraft:stone_pickaxe":2,"minecraft:wooden_axe":1,"minecraft:stone_sword":1,"minecraft:gold_ingot":5,"minecraft:white_bed":2,"minecraft:torch":120}},"DataVersion":3953}