{"stats":{"minecraft:used":{"minecraft:cooked_mutton":1,"minecraft:wooden_axe":20,"minecraft:stone_shovel":88,"minecraft:stone_pickaxe":235,"minecraft:wooden_pickaxe":10,"minecraft:wooden_sword":34,"minecraft:crafting_table":4},"minecraft:picked_up":{"minecraft:wooden_axe":1,"minecraft:stick":5,"minecraft:crafting_table":4,"minecraft:andesite":4,"minecraft:leather":2,"minecraft:torch":2,"minecraft:spruce_sapling":1,"minecraft:diorite":18,"minecraft:spruce_log":13,"minecraft:mossy_cobblestone":7,"minecraft:dirt":87,"minecraft:raw_copper":174,"minecraft:cooked_mutton":2,"minecraft:granite":16,"minecraft:oak_sapling":2,"minecraft:coal":17,"minecraft:cobblestone":136},"minecraft:mined":{"minecraft:mossy_cobblestone":7,"minecraft:spruce_log":14,"minecraft:andesite":4,"minecraft:torch":1,"minecraft:crafting_table":4,"minecraft:granite":16,"minecraft:grass_block":69,"minecraft:coal_ore":18,"minecraft:dirt":21,"minecraft:copper_ore":45,"minecraft:spruce_leaves":2,"minecraft:stone":136,"minecraft:diorite":18,"minecraft:oak_leaves":4},"minecraft:broken":{"minecraft:stone_pickaxe":1},"minecraft:dropped":{"minecraft:oak_sapling":1},"minecraft:custom":{"minecraft:time_since_rest":5360,"minecraft:sprint_one_cm":17518,"minecraft:damage_taken":115,"minecraft:walk_one_cm":51142,"minecraft:mob_kills":2,"minecraft:drop":1,"minecraft:damage_dealt":443,"minecraft:interact_with_crafting_table":5,"minecraft:fly_one_cm":2818,"minecraft:crouch_one_cm":1168,"minecraft:play_time":23984,"minecraft:sneak_time":459,"minecraft:jump":205,"minecraft:time_since_death":23984,"minecraft:sleep_in_bed":3,"minecraft:total_world_time":23984,"minecraft:fall_one_cm":2164},"minecraft:killed":{"minecraft:llama":2},"minecraft:crafted":{"minecraft:wooden_sword":1,"minecraft:stone_shovel":1,"minecraft:crafting_table":1,"minecraft:spruce_planks":22,"minecraft:stick":10,"minecraft:wooden_pickaxe":1,"minecraft:stone_pickaxe":2}},"DataVersion":3953}