{"stats":{"minecraft:used":{"minecraft:wheat_seeds":13,"minecraft:cooked_mutton":5,"minecraft:water_bucket":12,"minecraft:stone_sword":73,"minecraft:stone_shovel":263,"minecraft:stone_pickaxe":509,"minecraft:spruce_planks":39,"minecraft:wooden_pickaxe":10,"minecraft:spruce_fence_gate":1,"minecraft:cobblestone_slab":30,"minecraft:stone_hoe":45,"minecraft:torch":48,"minecraft:glow_berries":7,"minecraft:dirt":296,"minecraft:crafting_table":6,"minecraft:spruce_fence":27,"minecraft:pumpkin_seeds":1,"minecraft:wooden_axe":29,"minecraft:iron_pickaxe":250,"minecraft:melon_seeds":2,"minecraft:stone_axe":38,"minecraft:wooden_sword":34,"minecraft:cobblestone":64,"minecraft:furnace":6,"minecraft:beetroot_seeds":3,"minecraft:bucket":13,"minecraft:cooked_beef":2},"minecraft:picked_up":{"minecraft:wooden_axe":1,"minecraft:crafting_table":5,"minecraft:clay_ball":3,"minecraft:andesite":19,"minecraft:leather":2,"minecraft:wooden_pickaxe":1,"minecraft:oak_log":15,"minecraft:dirt":306,"minecraft:raw_copper":181,"minecraft:cooked_mutton":2,"minecraft:bone":3,"minecraft:apple":1,"minecraft:wheat_seeds":13,"minecraft:spruce_planks":2,"minecraft:cobblestone_slab":8,"minecraft:azalea":2,"minecraft:moss_block":40,"minecraft:flowering_azalea":1,"minecraft:egg":2,"minecraft:furnace":3,"minecraft:stick":19,"minecraft:raw_iron":43,"minecraft:torch":20,"minecraft:gravel":9,"minecraft:porkchop":1,"minecraft:spruce_sapling":10,"minecraft:diorite":30,"minecraft:spruce_log":26,"minecraft:mossy_cobblestone":7,"minecraft:rotten_flesh":6,"minecraft:diamond":3,"minecraft:granite":17,"minecraft:emerald":1,"minecraft:oak_sapling":7,"minecraft:glow_berries":7,"minecraft:coal":108,"minecraft:cobblestone":421},"minecraft:mined":{"minecraft:spruce_planks":2,"minecraft:flowering_azalea":1,"minecraft:mossy_cobblestone":7,"minecraft:crafting_table":5,"minecraft:torch":9,"minecraft:glow_lichen":1,"minecraft:cave_vines_plant":3,"minecraft:granite":18,"minecraft:short_grass":92,"minecraft:emerald_ore":1,"minecraft:grass_block":158,"minecraft:tall_grass":1,"minecraft:copper_ore":48,"minecraft:cobblestone":13,"minecraft:spruce_leaves":12,"minecraft:moss_block":50,"minecraft:diorite":30,"minecraft:wall_torch":7,"minecraft:furnace":3,"minecraft:iron_ore":44,"minecraft:spruce_log":35,"minecraft:andesite":19,"minecraft:coal_ore":111,"minecraft:oak_log":15,"minecraft:cave_vines":7,"minecraft:cobblestone_slab":9,"minecraft:gravel":9,"minecraft:dirt":120,"minecraft:azalea":1,"minecraft:stone":443,"minecraft:oak_leaves":10,"minecraft:fern":1},"minecraft:broken":{"minecraft:stone_pickaxe":3,"minecraft:iron_pickaxe":1,"minecraft:wooden_axe":1,"minecraft:stone_shovel":2},"minecraft:dropped":{"minecraft:moss_block":37,"minecraft:diamond":3,"minecraft:cooked_mutton":1,"minecraft:oak_sapling":1,"minecraft:wooden_sword":1,"minecraft:wooden_pickaxe":2},"minecraft:custom":{"minecraft:interact_with_furnace":43,"minecraft:mob_kills":13,"minecraft:traded_with_villager":1,"minecraft:interact_with_crafting_table":33,"minecraft:time_since_death":113984,"minecraft:sleep_in_bed":3,"minecraft:time_since_rest":95360,"minecraft:sprint_one_cm":65956,"minecraft:damage_taken":652,"minecraft:walk_one_cm":479930,"minecraft:drop":7,"minecraft:damage_dealt":2429,"minecraft:talked_to_villager":4,"minecraft:fly_one_cm":16448,"minecraft:open_chest":23,"minecraft:crouch_one_cm":15562,"minecraft:play_time":113984,"minecraft:sneak_time":5298,"minecraft:walk_under_water_one_cm":3543,"minecraft:jump":953,"minecraft:walk_on_water_one_cm":15204,"minecraft:total_world_time":113984,"minecraft:fall_one_cm":9798},"minecraft:killed":{"minecraft:pig":1,"minecraft:spider":1,"minecraft:skeleton":1,"minecraft:zombie":8,"minecraft:llama":2},"minecraft:crafted":{"minecraft:cooked_beef":2,"minecraft:wooden_sword":1,"minecraft:oak_planks":14,"minecraft:cobblestone_slab":30,"minecraft:stone_shovel":2,"minecraft:crafting_table":1,"minecraft:spruce_planks":102,"minecraft:wooden_pickaxe":1,"minecraft:furnace":4,"minecraft:copper_ingot":70,"minecraft:bucket":2,"minecraft:pumpkin_seeds":1,"minecraft:spruce_fence":27,"minecraft:stone_axe":1,"minecraft:cooked_mutton":4,"minecraft:air":0,"minecraft:stick":44,"minecraft:iron_pickaxe":1,"minecraft:iron_ingot":51,"minecraft:stone_pickaxe":4,"minecraft:stone_sword":1,"minecraft:iron_shovel":1,"minecraft:spruce_fence_gate":1,"minecraft:torch":50,"minecraft:stone_hoe":2}},"DataVersion":3953}