{"stats":{"minecraft:used":{"minecraft:stone_sword":73,"minecraft:iron_shovel":129,"minecraft:stone_shovel":263,"minecraft:redstone":3,"minecraft:spruce_planks":39,"minecraft:iron_sword":153,"minecraft:stone_hoe":45,"minecraft:rotten_flesh":18,"minecraft:torch":88,"minecraft:dirt":348,"minecraft:spruce_fence":27,"minecraft:wooden_axe":29,"minecraft:melon_seeds":6,"minecraft:furnace":8,"minecraft:beetroot_seeds":6,"minecraft:cooked_beef":2,"minecraft:wheat_seeds":13,"minecraft:cooked_mutton":5,"minecraft:water_bucket":12,"minecraft:spruce_door":2,"minecraft:stone_pickaxe":525,"minecraft:wooden_pickaxe":10,"minecraft:cobblestone_slab":34,"minecraft:spruce_fence_gate":1,"minecraft:glow_berries":7,"minecraft:crafting_table":9,"minecraft:pumpkin_seeds":5,"minecraft:diamond_pickaxe":113,"minecraft:iron_pickaxe":997,"minecraft:spruce_sapling":1,"minecraft:stone_axe":58,"minecraft:wooden_sword":34,"minecraft:cobblestone":154,"minecraft:cooked_porkchop":1,"minecraft:bucket":13},"minecraft:picked_up":{"minecraft:wooden_axe":1,"minecraft:crafting_table":6,"minecraft:clay_ball":3,"minecraft:wooden_pickaxe":1,"minecraft:raw_copper":185,"minecraft:cobbled_deepslate":172,"minecraft:spruce_planks":2,"minecraft:cobblestone_slab":9,"minecraft:azalea":2,"minecraft:iron_pickaxe":1,"minecraft:furnace":4,"minecraft:egg":2,"minecraft:tipped_arrow":1,"minecraft:raw_iron":80,"minecraft:stick":19,"minecraft:torch":21,"minecraft:porkchop":1,"minecraft:pointed_dripstone":9,"minecraft:diorite":39,"minecraft:redstone":39,"minecraft:arrow":1,"minecraft:rotten_flesh":43,"minecraft:beetroot_seeds":3,"minecraft:glow_berries":7,"minecraft:bone_block":20,"minecraft:cobblestone":916,"minecraft:andesite":23,"minecraft:leather":2,"minecraft:flint":2,"minecraft:oak_log":15,"minecraft:dirt":402,"minecraft:lapis_lazuli":98,"minecraft:cooked_mutton":2,"minecraft:bone":5,"minecraft:apple":1,"minecraft:wheat_seeds":13,"minecraft:raw_gold":12,"minecraft:iron_ingot":1,"minecraft:moss_block":41,"minecraft:flowering_azalea":1,"minecraft:iron_sword":2,"minecraft:gravel":61,"minecraft:dripstone_block":6,"minecraft:spruce_sapling":11,"minecraft:spruce_log":41,"minecraft:spruce_door":1,"minecraft:mossy_cobblestone":7,"minecraft:pumpkin_seeds":4,"minecraft:diamond":6,"minecraft:granite":17,"minecraft:emerald":1,"minecraft:oak_sapling":7,"minecraft:melon_seeds":4,"minecraft:coal":160},"minecraft:broken":{"minecraft:stone_pickaxe":4,"minecraft:iron_pickaxe":4,"minecraft:wooden_axe":1,"minecraft:stone_shovel":2},"minecraft:mined":{"minecraft:spruce_planks":2,"minecraft:mossy_cobblestone":7,"minecraft:deepslate_diamond_ore":3,"minecraft:glow_lichen":1,"minecraft:cave_vines_plant":3,"minecraft:granite":21,"minecraft:grass_block":194,"minecraft:redstone_wire":3,"minecraft:spruce_leaves":25,"minecraft:moss_block":51,"minecraft:furnace":4,"minecraft:iron_ore":74,"minecraft:andesite":41,"minecraft:deepslate_lapis_ore":8,"minecraft:pointed_dripstone":5,"minecraft:cave_vines":7,"minecraft:deepslate_iron_ore":7,"minecraft:cobblestone_slab":10,"minecraft:azalea":1,"minecraft:stone":934,"minecraft:bone_block":20,"minecraft:deepslate_redstone_ore":8,"minecraft:flowering_azalea":1,"minecraft:spruce_door":1,"minecraft:crafting_table":6,"minecraft:torch":9,"minecraft:short_grass":94,"minecraft:emerald_ore":1,"minecraft:copper_ore":49,"minecraft:tall_grass":3,"minecraft:cobblestone":25,"minecraft:deepslate_gold_ore":12,"minecraft:lapis_ore":8,"minecraft:diorite":39,"minecraft:wall_torch":7,"minecraft:spruce_log":49,"minecraft:oak_log":15,"minecraft:coal_ore":163,"minecraft:gravel":36,"minecraft:dripstone_block":6,"minecraft:dirt":187,"minecraft:oak_leaves":10,"minecraft:deepslate":174,"minecraft:fern":1},"minecraft:dropped":{"minecraft:iron_sword":1,"minecraft:moss_block":38,"minecraft:diamond":3,"minecraft:dirt":7,"minecraft:diorite":8,"minecraft:wooden_sword":1,"minecraft:gravel":52,"minecraft:stone_sword":1,"minecraft:raw_copper":4,"minecraft:cooked_mutton":1,"minecraft:andesite":3,"minecraft:oak_sapling":1,"minecraft:wooden_pickaxe":2},"minecraft:custom":{"minecraft:mob_kills":56,"minecraft:interact_with_crafting_table":45,"minecraft:time_since_death":173984,"minecraft:sprint_one_cm":74989,"minecraft:walk_one_cm":641016,"minecraft:drop":18,"minecraft:talked_to_villager":6,"minecraft:play_time":173984,"minecraft:sneak_time":8430,"minecraft:walk_under_water_one_cm":3543,"minecraft:jump":1284,"minecraft:walk_on_water_one_cm":15815,"minecraft:total_world_time":173984,"minecraft:interact_with_furnace":53,"minecraft:traded_with_villager":1,"minecraft:sleep_in_bed":3,"minecraft:time_since_rest":155360,"minecraft:damage_taken":1156,"minecraft:damage_dealt":9941,"minecraft:fly_one_cm":18416,"minecraft:open_chest":29,"minecraft:crouch_one_cm":24495,"minecraft:fall_one_cm":12911},"minecraft:killed":{"minecraft:bogged":1,"minecraft:spider":2,"minecraft:skeleton":1,"minecraft:llama":2,"minecraft:pig":1,"minecraft:zombie":48,"minecraft:enderman":1},"minecraft:crafted":{"minecraft:wooden_sword":1,"minecraft:oak_planks":30,"minecraft:cobblestone_slab":30,"minecraft:stone_shovel":2,"minecraft:furnace":4,"minecraft:spruce_fence":27,"minecraft:cooked_mutton":4,"minecraft:iron_boots":1,"minecraft:stone_pickaxe":4,"minecraft:stone_hoe":2,"minecraft:cooked_beef":2,"minecraft:cooked_porkchop":1,"minecraft:crafting_table":3,"minecraft:spruce_planks":114,"minecraft:wooden_pickaxe":1,"minecraft:iron_helmet":1,"minecraft:iron_sword":1,"minecraft:spruce_door":3,"minecraft:copper_ingot":70,"minecraft:bucket":2,"minecraft:pumpkin_seeds":1,"minecraft:stone_axe":2,"minecraft:air":0,"minecraft:iron_chestplate":1,"minecraft:diamond_pickaxe":1,"minecraft:stick":56,"minecraft:iron_ingot":64,"minecraft:iron_pickaxe":3,"minecraft:stone_sword":1,"minecraft:iron_shovel":1,"minecraft:iron_leggings":1,"minecraft:spruce_fence_gate":1,"minecraft:torch":70}},"DataVersion":3953}