{"stats":{"minecraft:used":{"minecraft:stone_sword":73,"minecraft:iron_shovel":303,"minecraft:stone_shovel":263,"minecraft:redstone":3,"minecraft:spruce_planks":49,"minecraft:iron_sword":185,"minecraft:stone_hoe":186,"minecraft:rotten_flesh":39,"minecraft:torch":92,"minecraft:dirt":400,"minecraft:spruce_stairs":19,"minecraft:spruce_fence":27,"minecraft:wooden_axe":29,"minecraft:melon_seeds":37,"minecraft:sweet_berries":2,"minecraft:furnace":8,"minecraft:beetroot_seeds":23,"minecraft:cooked_beef":2,"minecraft:wheat_seeds":64,"minecraft:cooked_mutton":5,"minecraft:water_bucket":12,"minecraft:spruce_door":2,"minecraft:stone_pickaxe":525,"minecraft:wooden_pickaxe":10,"minecraft:spruce_sign":13,"minecraft:cobblestone_slab":34,"minecraft:spruce_fence_gate":1,"minecraft:glow_berries":7,"minecraft:crafting_table":9,"minecraft:white_bed":2,"minecraft:pumpkin_seeds":13,"minecraft:wooden_hoe":61,"minecraft:diamond_pickaxe":383,"minecraft:iron_pickaxe":997,"minecraft:spruce_sapling":1,"minecraft:stone_axe":132,"minecraft:wooden_sword":34,"minecraft:cobblestone":311,"minecraft:cooked_porkchop":3,"minecraft:andesite":10,"minecraft:bucket":13},"minecraft:picked_up":{"minecraft:wooden_axe":1,"minecraft:crafting_table":6,"minecraft:wheat":15,"minecraft:ominous_bottle":1,"minecraft:clay_ball":3,"minecraft:brown_mushroom":7,"minecraft:wooden_pickaxe":1,"minecraft:raw_copper":185,"minecraft:blue_orchid":17,"minecraft:beetroot":7,"minecraft:cobbled_deepslate":172,"minecraft:spruce_planks":2,"minecraft:cobblestone_slab":9,"minecraft:azalea":2,"minecraft:iron_pickaxe":1,"minecraft:melon_slice":54,"minecraft:sugar_cane":12,"minecraft:phantom_membrane":1,"minecraft:furnace":4,"minecraft:egg":5,"minecraft:tipped_arrow":1,"minecraft:raw_iron":80,"minecraft:stick":21,"minecraft:torch":29,"minecraft:spruce_stairs":5,"minecraft:porkchop":1,"minecraft:pointed_dripstone":9,"minecraft:diorite":40,"minecraft:redstone":39,"minecraft:arrow":1,"minecraft:rotten_flesh":45,"minecraft:beetroot_seeds":26,"minecraft:glow_berries":7,"minecraft:bone_block":20,"minecraft:cobblestone":1170,"minecraft:andesite":114,"minecraft:leather":2,"minecraft:flint":2,"minecraft:oak_log":27,"minecraft:dirt":636,"minecraft:lapis_lazuli":98,"minecraft:cooked_mutton":2,"minecraft:bone":5,"minecraft:apple":1,"minecraft:wheat_seeds":61,"minecraft:raw_gold":12,"minecraft:iron_ingot":1,"minecraft:moss_block":41,"minecraft:flowering_azalea":1,"minecraft:iron_sword":2,"minecraft:pumpkin":3,"minecraft:sweet_berries":2,"minecraft:gravel":61,"minecraft:dripstone_block":6,"minecraft:spruce_sapling":17,"minecraft:white_bed":2,"minecraft:spruce_log":68,"minecraft:spruce_door":1,"minecraft:mossy_cobblestone":7,"minecraft:pumpkin_seeds":10,"minecraft:diamond":6,"minecraft:granite":24,"minecraft:spruce_sign":1,"minecraft:emerald":1,"minecraft:oak_sapling":7,"minecraft:melon_seeds":12,"minecraft:coal":160},"minecraft:broken":{"minecraft:iron_shovel":1,"minecraft:stone_hoe":1,"minecraft:stone_pickaxe":4,"minecraft:iron_pickaxe":4,"minecraft:wooden_axe":1,"minecraft:wooden_hoe":1,"minecraft:stone_shovel":2},"minecraft:mined":{"minecraft:white_bed":2,"minecraft:spruce_planks":2,"minecraft:farmland":1,"minecraft:mossy_cobblestone":7,"minecraft:deepslate_diamond_ore":3,"minecraft:glow_lichen":1,"minecraft:cave_vines_plant":3,"minecraft:granite":21,"minecraft:grass_block":298,"minecraft:redstone_wire":3,"minecraft:spruce_leaves":42,"minecraft:moss_block":51,"minecraft:large_fern":4,"minecraft:tall_seagrass":2,"minecraft:furnace":4,"minecraft:iron_ore":74,"minecraft:andesite":73,"minecraft:pumpkin":3,"minecraft:deepslate_lapis_ore":8,"minecraft:pointed_dripstone":5,"minecraft:vine":1,"minecraft:cave_vines":7,"minecraft:deepslate_iron_ore":7,"minecraft:cobblestone_slab":10,"minecraft:azalea":1,"minecraft:blue_orchid":17,"minecraft:stone":1151,"minecraft:bone_block":20,"minecraft:deepslate_redstone_ore":8,"minecraft:flowering_azalea":1,"minecraft:brown_mushroom":7,"minecraft:melon_stem":2,"minecraft:spruce_door":1,"minecraft:crafting_table":7,"minecraft:torch":12,"minecraft:short_grass":99,"minecraft:emerald_ore":1,"minecraft:melon":11,"minecraft:copper_ore":49,"minecraft:tall_grass":3,"minecraft:cobblestone":43,"minecraft:deepslate_gold_ore":12,"minecraft:lapis_ore":8,"minecraft:sugar_cane":4,"minecraft:spruce_sign":1,"minecraft:diorite":39,"minecraft:wall_torch":7,"minecraft:spruce_stairs":5,"minecraft:seagrass":1,"minecraft:sweet_berry_bush":1,"minecraft:wheat":21,"minecraft:spruce_log":77,"minecraft:pumpkin_stem":1,"minecraft:oak_log":27,"minecraft:coal_ore":163,"minecraft:beetroots":7,"minecraft:gravel":36,"minecraft:dripstone_block":6,"minecraft:dirt":267,"minecraft:oak_leaves":13,"minecraft:deepslate":174,"minecraft:fern":2},"minecraft:dropped":{"minecraft:iron_sword":2,"minecraft:moss_block":38,"minecraft:diamond":3,"minecraft:dripstone_block":6,"minecraft:granite":72,"minecraft:spruce_stairs":1,"minecraft:stick":2,"minecraft:dirt":71,"minecraft:diorite":10,"minecraft:wooden_sword":1,"minecraft:gravel":64,"minecraft:stone_sword":1,"minecraft:raw_copper":4,"minecraft:cooked_mutton":1,"minecraft:andesite":98,"minecraft:oak_sapling":1,"minecraft:wooden_pickaxe":2},"minecraft:custom":{"minecraft:mob_kills":64,"minecraft:interact_with_crafting_table":62,"minecraft:time_since_death":245984,"minecraft:climb_one_cm":164,"minecraft:sprint_one_cm":185584,"minecraft:walk_one_cm":973999,"minecraft:drop":36,"minecraft:talked_to_villager":6,"minecraft:play_time":245984,"minecraft:sneak_time":13644,"minecraft:walk_under_water_one_cm":5098,"minecraft:jump":1671,"minecraft:walk_on_water_one_cm":26472,"minecraft:total_world_time":245984,"minecraft:interact_with_furnace":79,"minecraft:traded_with_villager":1,"minecraft:sleep_in_bed":6,"minecraft:time_since_rest":64437,"minecraft:damage_taken":1725,"minecraft:damage_dealt":11241,"minecraft:swim_one_cm":1742,"minecraft:fly_one_cm":32842,"minecraft:open_chest":129,"minecraft:crouch_one_cm":51923,"minecraft:fall_one_cm":19217},"minecraft:killed":{"minecraft:bogged":1,"minecraft:witch":1,"minecraft:spider":2,"minecraft:slime":1,"minecraft:phantom":1,"minecraft:skeleton":1,"minecraft:llama":2,"minecraft:pig":1,"minecraft:frog":1,"minecraft:pillager":1,"minecraft:zombie":51,"minecraft:enderman":1},"minecraft:crafted":{"minecraft:wooden_sword":1,"minecraft:oak_planks":78,"minecraft:cobblestone_slab":30,"minecraft:stone_shovel":2,"minecraft:cooked_chicken":1,"minecraft:furnace":4,"minecraft:stone":4,"minecraft:spruce_fence":27,"minecraft:cooked_mutton":19,"minecraft:iron_boots":1,"minecraft:melon_seeds":44,"minecraft:stone_pickaxe":4,"minecraft:chest":6,"minecraft:stone_hoe":2,"minecraft:stone_bricks":4,"minecraft:cooked_beef":12,"minecraft:spruce_sign":12,"minecraft:cooked_porkchop":8,"minecraft:crafting_table":3,"minecraft:spruce_planks":174,"minecraft:wooden_pickaxe":1,"minecraft:iron_helmet":1,"minecraft:iron_sword":1,"minecraft:spruce_door":3,"minecraft:copper_ingot":70,"minecraft:bucket":2,"minecraft:pumpkin_seeds":13,"minecraft:stone_axe":2,"minecraft:air":0,"minecraft:spruce_trapdoor":2,"minecraft:iron_chestplate":1,"minecraft:diamond_pickaxe":1,"minecraft:stick":64,"minecraft:iron_ingot":67,"minecraft:iron_pickaxe":3,"minecraft:stone_sword":1,"minecraft:iron_shovel":2,"minecraft:iron_leggings":1,"minecraft:spruce_fence_gate":1,"minecraft:torch":70}},"DataVersion":3953}