{"stats":{"minecraft:used":{"minecraft:wheat_seeds":13,"minecraft:cooked_mutton":5,"minecraft:water_bucket":12,"minecraft:stone_sword":73,"minecraft:spruce_door":2,"minecraft:iron_shovel":127,"minecraft:stone_shovel":263,"minecraft:stone_pickaxe":513,"minecraft:spruce_planks":39,"minecraft:wooden_pickaxe":10,"minecraft:iron_sword":4,"minecraft:spruce_fence_gate":1,"minecraft:cobblestone_slab":34,"minecraft:stone_hoe":45,"minecraft:torch":61,"minecraft:glow_berries":7,"minecraft:dirt":331,"minecraft:crafting_table":7,"minecraft:spruce_fence":27,"minecraft:pumpkin_seeds":5,"minecraft:wooden_axe":29,"minecraft:iron_pickaxe":590,"minecraft:spruce_sapling":1,"minecraft:melon_seeds":6,"minecraft:stone_axe":56,"minecraft:wooden_sword":34,"minecraft:cobblestone":95,"minecraft:furnace":7,"minecraft:cooked_porkchop":1,"minecraft:beetroot_seeds":6,"minecraft:bucket":13,"minecraft:cooked_beef":2},"minecraft:picked_up":{"minecraft:wooden_axe":1,"minecraft:crafting_table":6,"minecraft:clay_ball":3,"minecraft:andesite":19,"minecraft:leather":2,"minecraft:wooden_pickaxe":1,"minecraft:flint":2,"minecraft:oak_log":15,"minecraft:dirt":402,"minecraft:raw_copper":185,"minecraft:cooked_mutton":2,"minecraft:bone":3,"minecraft:apple":1,"minecraft:wheat_seeds":13,"minecraft:spruce_planks":2,"minecraft:cobblestone_slab":9,"minecraft:azalea":2,"minecraft:iron_pickaxe":1,"minecraft:iron_sword":1,"minecraft:moss_block":40,"minecraft:flowering_azalea":1,"minecraft:egg":2,"minecraft:furnace":4,"minecraft:stick":19,"minecraft:raw_iron":60,"minecraft:torch":20,"minecraft:dripstone_block":1,"minecraft:gravel":35,"minecraft:porkchop":1,"minecraft:spruce_sapling":11,"minecraft:pointed_dripstone":7,"minecraft:diorite":33,"minecraft:spruce_log":41,"minecraft:spruce_door":1,"minecraft:mossy_cobblestone":7,"minecraft:pumpkin_seeds":4,"minecraft:rotten_flesh":6,"minecraft:diamond":3,"minecraft:beetroot_seeds":3,"minecraft:granite":17,"minecraft:emerald":1,"minecraft:oak_sapling":7,"minecraft:melon_seeds":4,"minecraft:glow_berries":7,"minecraft:coal":128,"minecraft:cobblestone":714},"minecraft:mined":{"minecraft:spruce_planks":2,"minecraft:flowering_azalea":1,"minecraft:mossy_cobblestone":7,"minecraft:spruce_door":1,"minecraft:crafting_table":6,"minecraft:torch":9,"minecraft:glow_lichen":1,"minecraft:cave_vines_plant":3,"minecraft:granite":18,"minecraft:short_grass":94,"minecraft:emerald_ore":1,"minecraft:grass_block":194,"minecraft:tall_grass":3,"minecraft:copper_ore":49,"minecraft:cobblestone":21,"minecraft:spruce_leaves":25,"minecraft:moss_block":51,"minecraft:diorite":33,"minecraft:wall_torch":7,"minecraft:furnace":4,"minecraft:iron_ore":61,"minecraft:spruce_log":49,"minecraft:andesite":19,"minecraft:pointed_dripstone":4,"minecraft:coal_ore":131,"minecraft:oak_log":15,"minecraft:cave_vines":7,"minecraft:cobblestone_slab":10,"minecraft:dripstone_block":3,"minecraft:gravel":36,"minecraft:dirt":186,"minecraft:azalea":1,"minecraft:stone":729,"minecraft:oak_leaves":10,"minecraft:fern":1},"minecraft:broken":{"minecraft:stone_pickaxe":3,"minecraft:iron_pickaxe":2,"minecraft:wooden_axe":1,"minecraft:stone_shovel":2},"minecraft:dropped":{"minecraft:iron_sword":1,"minecraft:moss_block":37,"minecraft:stone_sword":1,"minecraft:diamond":3,"minecraft:cooked_mutton":1,"minecraft:dirt":1,"minecraft:oak_sapling":1,"minecraft:wooden_sword":1,"minecraft:wooden_pickaxe":2},"minecraft:custom":{"minecraft:interact_with_furnace":51,"minecraft:mob_kills":14,"minecraft:traded_with_villager":1,"minecraft:interact_with_crafting_table":40,"minecraft:time_since_death":137984,"minecraft:sleep_in_bed":3,"minecraft:time_since_rest":119360,"minecraft:sprint_one_cm":74825,"minecraft:damage_taken":672,"minecraft:walk_one_cm":556552,"minecraft:drop":10,"minecraft:damage_dealt":2589,"minecraft:talked_to_villager":6,"minecraft:fly_one_cm":17604,"minecraft:open_chest":29,"minecraft:crouch_one_cm":16812,"minecraft:play_time":137984,"minecraft:sneak_time":5562,"minecraft:walk_under_water_one_cm":3543,"minecraft:jump":1063,"minecraft:walk_on_water_one_cm":15566,"minecraft:total_world_time":137984,"minecraft:fall_one_cm":11180},"minecraft:killed":{"minecraft:pig":1,"minecraft:spider":2,"minecraft:skeleton":1,"minecraft:zombie":8,"minecraft:llama":2},"minecraft:crafted":{"minecraft:cooked_beef":2,"minecraft:wooden_sword":1,"minecraft:oak_planks":30,"minecraft:cobblestone_slab":30,"minecraft:stone_shovel":2,"minecraft:cooked_porkchop":1,"minecraft:crafting_table":2,"minecraft:spruce_planks":114,"minecraft:iron_helmet":1,"minecraft:wooden_pickaxe":1,"minecraft:iron_sword":1,"minecraft:spruce_door":3,"minecraft:furnace":4,"minecraft:copper_ingot":70,"minecraft:bucket":2,"minecraft:pumpkin_seeds":1,"minecraft:spruce_fence":27,"minecraft:stone_axe":2,"minecraft:cooked_mutton":4,"minecraft:air":0,"minecraft:iron_boots":1,"minecraft:iron_chestplate":1,"minecraft:stick":48,"minecraft:iron_pickaxe":2,"minecraft:iron_ingot":55,"minecraft:stone_pickaxe":4,"minecraft:stone_sword":1,"minecraft:iron_leggings":1,"minecraft:iron_shovel":1,"minecraft:spruce_fence_gate":1,"minecraft:torch":50,"minecraft:stone_hoe":2}},"DataVersion":3953}