{"stats":{"minecraft:used":{"minecraft:stone_sword":73,"minecraft:iron_shovel":341,"minecraft:stone_shovel":263,"minecraft:redstone":6,"minecraft:spruce_planks":49,"minecraft:iron_sword":310,"minecraft:stone_hoe":188,"minecraft:rotten_flesh":61,"minecraft:torch":144,"minecraft:dirt":400,"minecraft:spruce_stairs":19,"minecraft:tuff":49,"minecraft:spruce_fence":27,"minecraft:wooden_axe":29,"minecraft:melon_seeds":40,"minecraft:sweet_berries":2,"minecraft:furnace":9,"minecraft:beetroot_seeds":23,"minecraft:cooked_beef":2,"minecraft:cobbled_deepslate":72,"minecraft:calcite":4,"minecraft:wheat_seeds":64,"minecraft:cooked_mutton":9,"minecraft:water_bucket":12,"minecraft:spruce_door":2,"minecraft:stone_pickaxe":525,"minecraft:wooden_pickaxe":10,"minecraft:spruce_sign":13,"minecraft:cobblestone_slab":34,"minecraft:spruce_fence_gate":1,"minecraft:glow_berries":7,"minecraft:crafting_table":10,"minecraft:white_bed":2,"minecraft:pumpkin_seeds":13,"minecraft:wooden_hoe":61,"minecraft:diamond_pickaxe":1018,"minecraft:melon_slice":12,"minecraft:iron_pickaxe":997,"minecraft:gravel":6,"minecraft:spruce_sapling":1,"minecraft:stone_axe":148,"minecraft:wooden_sword":34,"minecraft:cobblestone":325,"minecraft:cooked_porkchop":3,"minecraft:andesite":10,"minecraft:bucket":13},"minecraft:picked_up":{"minecraft:wooden_axe":1,"minecraft:crafting_table":7,"minecraft:wheat":15,"minecraft:ominous_bottle":1,"minecraft:clay_ball":3,"minecraft:brown_mushroom":7,"minecraft:wooden_pickaxe":1,"minecraft:amethyst_block":45,"minecraft:iron_axe":1,"minecraft:string":2,"minecraft:raw_copper":185,"minecraft:blue_orchid":17,"minecraft:beetroot":7,"minecraft:cobbled_deepslate":418,"minecraft:spruce_planks":2,"minecraft:calcite":4,"minecraft:cobblestone_slab":9,"minecraft:azalea":2,"minecraft:iron_pickaxe":2,"minecraft:melon_slice":59,"minecraft:sugar_cane":12,"minecraft:phantom_membrane":1,"minecraft:furnace":5,"minecraft:egg":5,"minecraft:tipped_arrow":1,"minecraft:raw_iron":210,"minecraft:stick":21,"minecraft:torch":41,"minecraft:spruce_stairs":5,"minecraft:porkchop":1,"minecraft:pointed_dripstone":16,"minecraft:diorite":40,"minecraft:carrot":1,"minecraft:redstone":407,"minecraft:arrow":4,"minecraft:rotten_flesh":76,"minecraft:beetroot_seeds":26,"minecraft:glow_berries":7,"minecraft:bone_block":20,"minecraft:cobblestone":1195,"minecraft:cooked_beef":7,"minecraft:andesite":114,"minecraft:leather":2,"minecraft:flint":4,"minecraft:tuff":52,"minecraft:oak_log":27,"minecraft:gunpowder":4,"minecraft:dirt":636,"minecraft:lapis_lazuli":122,"minecraft:cooked_mutton":2,"minecraft:bone":10,"minecraft:apple":1,"minecraft:wheat_seeds":61,"minecraft:raw_gold":76,"minecraft:iron_ingot":1,"minecraft:moss_block":41,"minecraft:flowering_azalea":1,"minecraft:iron_sword":2,"minecraft:pumpkin":3,"minecraft:sweet_berries":2,"minecraft:gravel":83,"minecraft:dripstone_block":6,"minecraft:spruce_sapling":17,"minecraft:white_bed":2,"minecraft:spruce_log":79,"minecraft:spider_eye":1,"minecraft:spruce_door":1,"minecraft:mossy_cobblestone":7,"minecraft:diamond_shovel":1,"minecraft:pumpkin_seeds":10,"minecraft:diamond":25,"minecraft:stone_axe":1,"minecraft:diamond_axe":1,"minecraft:granite":24,"minecraft:spruce_sign":1,"minecraft:emerald":1,"minecraft:oak_sapling":7,"minecraft:melon_seeds":13,"minecraft:coal":177},"minecraft:broken":{"minecraft:iron_shovel":1,"minecraft:stone_hoe":1,"minecraft:stone_pickaxe":4,"minecraft:iron_sword":1,"minecraft:iron_pickaxe":4,"minecraft:wooden_axe":1,"minecraft:wooden_hoe":1,"minecraft:stone_shovel":2},"minecraft:mined":{"minecraft:large_amethyst_bud":1,"minecraft:tuff":57,"minecraft:white_bed":2,"minecraft:spruce_planks":2,"minecraft:farmland":1,"minecraft:mossy_cobblestone":7,"minecraft:deepslate_diamond_ore":21,"minecraft:glow_lichen":1,"minecraft:cave_vines_plant":3,"minecraft:granite":21,"minecraft:budding_amethyst":4,"minecraft:grass_block":307,"minecraft:redstone_wire":6,"minecraft:spruce_leaves":45,"minecraft:moss_block":51,"minecraft:large_fern":4,"minecraft:tall_seagrass":2,"minecraft:furnace":5,"minecraft:iron_ore":77,"minecraft:cobbled_deepslate":4,"minecraft:andesite":73,"minecraft:pumpkin":3,"minecraft:deepslate_lapis_ore":13,"minecraft:pointed_dripstone":8,"minecraft:vine":1,"minecraft:cave_vines":7,"minecraft:deepslate_iron_ore":90,"minecraft:cobblestone_slab":10,"minecraft:azalea":1,"minecraft:blue_orchid":17,"minecraft:stone":1153,"minecraft:bone_block":20,"minecraft:deepslate_redstone_ore":89,"minecraft:flowering_azalea":1,"minecraft:brown_mushroom":7,"minecraft:medium_amethyst_bud":2,"minecraft:melon_stem":2,"minecraft:spruce_door":1,"minecraft:crafting_table":8,"minecraft:torch":21,"minecraft:short_grass":102,"minecraft:emerald_ore":1,"minecraft:calcite":4,"minecraft:melon":12,"minecraft:copper_ore":49,"minecraft:tall_grass":3,"minecraft:cobblestone":43,"minecraft:deepslate_gold_ore":76,"minecraft:lapis_ore":8,"minecraft:sugar_cane":4,"minecraft:spruce_sign":1,"minecraft:diorite":39,"minecraft:wall_torch":10,"minecraft:amethyst_block":48,"minecraft:spruce_stairs":5,"minecraft:seagrass":1,"minecraft:sweet_berry_bush":1,"minecraft:wheat":21,"minecraft:spruce_log":88,"minecraft:pumpkin_stem":1,"minecraft:oak_log":27,"minecraft:coal_ore":163,"minecraft:beetroots":7,"minecraft:gravel":60,"minecraft:dripstone_block":6,"minecraft:dirt":269,"minecraft:oak_leaves":13,"minecraft:deepslate":408,"minecraft:fern":2},"minecraft:dropped":{"minecraft:iron_sword":2,"minecraft:diamond_axe":1,"minecraft:moss_block":38,"minecraft:diamond":3,"minecraft:dripstone_block":6,"minecraft:granite":72,"minecraft:spruce_stairs":1,"minecraft:stick":2,"minecraft:dirt":71,"minecraft:diorite":10,"minecraft:torch":8,"minecraft:wooden_sword":1,"minecraft:iron_pickaxe":1,"minecraft:gravel":80,"minecraft:stone_axe":1,"minecraft:stone_sword":1,"minecraft:raw_copper":4,"minecraft:tuff":1,"minecraft:diamond_shovel":1,"minecraft:cooked_mutton":1,"minecraft:andesite":98,"minecraft:oak_sapling":1,"minecraft:wooden_pickaxe":2},"minecraft:custom":{"minecraft:mob_kills":95,"minecraft:interact_with_crafting_table":68,"minecraft:time_since_death":317984,"minecraft:climb_one_cm":164,"minecraft:sprint_one_cm":255895,"minecraft:walk_one_cm":1381632,"minecraft:drop":43,"minecraft:talked_to_villager":6,"minecraft:play_time":317984,"minecraft:sneak_time":17320,"minecraft:walk_under_water_one_cm":9748,"minecraft:jump":2550,"minecraft:walk_on_water_one_cm":33359,"minecraft:total_world_time":317984,"minecraft:interact_with_furnace":97,"minecraft:traded_with_villager":1,"minecraft:sleep_in_bed":6,"minecraft:time_since_rest":136437,"minecraft:damage_taken":2633,"minecraft:damage_dealt":17110,"minecraft:swim_one_cm":1742,"minecraft:fly_one_cm":49101,"minecraft:open_chest":145,"minecraft:crouch_one_cm":62371,"minecraft:fall_one_cm":27085},"minecraft:killed":{"minecraft:bogged":1,"minecraft:witch":1,"minecraft:spider":4,"minecraft:slime":1,"minecraft:phantom":1,"minecraft:skeleton":4,"minecraft:llama":2,"minecraft:pig":1,"minecraft:frog":1,"minecraft:creeper":3,"minecraft:pillager":1,"minecraft:zombie":74,"minecraft:enderman":1},"minecraft:crafted":{"minecraft:wooden_sword":1,"minecraft:oak_planks":78,"minecraft:cobblestone_slab":30,"minecraft:stone_shovel":2,"minecraft:cooked_chicken":1,"minecraft:furnace":5,"minecraft:stone":4,"minecraft:spruce_fence":27,"minecraft:cooked_mutton":19,"minecraft:iron_boots":1,"minecraft:melon_seeds":47,"minecraft:stone_pickaxe":4,"minecraft:chest":6,"minecraft:stone_hoe":2,"minecraft:stone_bricks":4,"minecraft:cooked_beef":12,"minecraft:spruce_sign":12,"minecraft:cooked_porkchop":8,"minecraft:crafting_table":4,"minecraft:spruce_planks":218,"minecraft:wooden_pickaxe":1,"minecraft:iron_helmet":1,"minecraft:iron_sword":2,"minecraft:spruce_door":3,"minecraft:copper_ingot":70,"minecraft:bucket":2,"minecraft:pumpkin_seeds":13,"minecraft:stone_axe":2,"minecraft:air":0,"minecraft:spruce_trapdoor":2,"minecraft:iron_chestplate":1,"minecraft:diamond_pickaxe":1,"minecraft:stick":92,"minecraft:iron_ingot":83,"minecraft:iron_pickaxe":3,"minecraft:stone_sword":1,"minecraft:iron_shovel":2,"minecraft:iron_leggings":1,"minecraft:spruce_fence_gate":1,"minecraft:torch":110}},"DataVersion":3953}