{"stats":{"minecraft:used":{"minecraft:cooked_mutton":1,"minecraft:wooden_axe":29,"minecraft:stone_shovel":119,"minecraft:stone_pickaxe":356,"minecraft:spruce_planks":38,"minecraft:wooden_pickaxe":10,"minecraft:torch":5,"minecraft:stone_axe":4,"minecraft:wooden_sword":34,"minecraft:dirt":11,"minecraft:crafting_table":4,"minecraft:furnace":3},"minecraft:picked_up":{"minecraft:wooden_axe":1,"minecraft:raw_iron":2,"minecraft:stick":9,"minecraft:crafting_table":4,"minecraft:andesite":6,"minecraft:leather":2,"minecraft:torch":2,"minecraft:gravel":2,"minecraft:oak_log":11,"minecraft:spruce_sapling":1,"minecraft:diorite":30,"minecraft:spruce_log":13,"minecraft:mossy_cobblestone":7,"minecraft:dirt":118,"minecraft:raw_copper":174,"minecraft:cooked_mutton":2,"minecraft:spruce_planks":1,"minecraft:granite":16,"minecraft:oak_sapling":4,"minecraft:moss_block":3,"minecraft:coal":17,"minecraft:cobblestone":233},"minecraft:mined":{"minecraft:spruce_planks":1,"minecraft:mossy_cobblestone":7,"minecraft:iron_ore":2,"minecraft:spruce_log":14,"minecraft:andesite":6,"minecraft:glow_lichen":1,"minecraft:torch":1,"minecraft:crafting_table":4,"minecraft:granite":16,"minecraft:oak_log":11,"minecraft:grass_block":84,"minecraft:coal_ore":18,"minecraft:gravel":2,"minecraft:dirt":35,"minecraft:copper_ore":45,"minecraft:cobblestone":2,"minecraft:spruce_leaves":2,"minecraft:stone":237,"minecraft:moss_block":29,"minecraft:diorite":30,"minecraft:oak_leaves":5},"minecraft:broken":{"minecraft:stone_pickaxe":2,"minecraft:wooden_axe":1},"minecraft:dropped":{"minecraft:oak_sapling":1},"minecraft:custom":{"minecraft:time_since_rest":17360,"minecraft:interact_with_furnace":27,"minecraft:sprint_one_cm":18023,"minecraft:damage_taken":115,"minecraft:walk_one_cm":79224,"minecraft:mob_kills":2,"minecraft:drop":1,"minecraft:damage_dealt":443,"minecraft:interact_with_crafting_table":12,"minecraft:fly_one_cm":3364,"minecraft:open_chest":2,"minecraft:crouch_one_cm":1933,"minecraft:play_time":35984,"minecraft:sneak_time":1016,"minecraft:jump":258,"minecraft:walk_on_water_one_cm":102,"minecraft:time_since_death":35984,"minecraft:sleep_in_bed":3,"minecraft:total_world_time":35984,"minecraft:fall_one_cm":3389},"minecraft:killed":{"minecraft:llama":2},"minecraft:crafted":{"minecraft:wooden_sword":1,"minecraft:stone_shovel":2,"minecraft:crafting_table":1,"minecraft:spruce_planks":50,"minecraft:stick":10,"minecraft:wooden_pickaxe":1,"minecraft:stone_pickaxe":3,"minecraft:stone_sword":1,"minecraft:furnace":4,"minecraft:copper_ingot":70,"minecraft:torch":10,"minecraft:stone_axe":1,"minecraft:cooked_mutton":4}},"DataVersion":3953}