{"stats":{"minecraft:used":{"minecraft:cooked_mutton":5,"minecraft:stone_sword":58,"minecraft:stone_shovel":159,"minecraft:stone_pickaxe":505,"minecraft:spruce_planks":38,"minecraft:wooden_pickaxe":10,"minecraft:torch":41,"minecraft:glow_berries":7,"minecraft:dirt":119,"minecraft:crafting_table":5,"minecraft:wooden_axe":29,"minecraft:iron_pickaxe":217,"minecraft:stone_axe":13,"minecraft:wooden_sword":34,"minecraft:furnace":5,"minecraft:cooked_beef":1},"minecraft:picked_up":{"minecraft:wooden_axe":1,"minecraft:crafting_table":5,"minecraft:clay_ball":3,"minecraft:andesite":19,"minecraft:leather":2,"minecraft:wooden_pickaxe":1,"minecraft:oak_log":11,"minecraft:dirt":156,"minecraft:raw_copper":181,"minecraft:cooked_mutton":2,"minecraft:bone":3,"minecraft:spruce_planks":2,"minecraft:azalea":2,"minecraft:moss_block":40,"minecraft:flowering_azalea":1,"minecraft:furnace":2,"minecraft:stick":9,"minecraft:raw_iron":43,"minecraft:torch":15,"minecraft:gravel":9,"minecraft:spruce_sapling":1,"minecraft:diorite":30,"minecraft:spruce_log":13,"minecraft:mossy_cobblestone":7,"minecraft:rotten_flesh":5,"minecraft:diamond":3,"minecraft:granite":17,"minecraft:emerald":1,"minecraft:oak_sapling":4,"minecraft:glow_berries":7,"minecraft:coal":100,"minecraft:cobblestone":399},"minecraft:mined":{"minecraft:spruce_planks":2,"minecraft:flowering_azalea":1,"minecraft:mossy_cobblestone":7,"minecraft:crafting_table":5,"minecraft:torch":4,"minecraft:glow_lichen":1,"minecraft:cave_vines_plant":3,"minecraft:granite":18,"minecraft:short_grass":2,"minecraft:emerald_ore":1,"minecraft:grass_block":93,"minecraft:tall_grass":1,"minecraft:copper_ore":48,"minecraft:cobblestone":2,"minecraft:spruce_leaves":6,"minecraft:moss_block":50,"minecraft:diorite":30,"minecraft:wall_torch":7,"minecraft:furnace":2,"minecraft:iron_ore":44,"minecraft:spruce_log":21,"minecraft:andesite":19,"minecraft:coal_ore":103,"minecraft:oak_log":11,"minecraft:cave_vines":7,"minecraft:gravel":9,"minecraft:dirt":61,"minecraft:azalea":1,"minecraft:stone":435,"minecraft:oak_leaves":5,"minecraft:fern":1},"minecraft:broken":{"minecraft:stone_pickaxe":3,"minecraft:wooden_axe":1,"minecraft:stone_shovel":1},"minecraft:dropped":{"minecraft:moss_block":37,"minecraft:diamond":3,"minecraft:cooked_mutton":1,"minecraft:oak_sapling":1,"minecraft:wooden_pickaxe":1},"minecraft:custom":{"minecraft:interact_with_furnace":33,"minecraft:mob_kills":10,"minecraft:interact_with_crafting_table":14,"minecraft:time_since_death":65984,"minecraft:sleep_in_bed":3,"minecraft:time_since_rest":47360,"minecraft:sprint_one_cm":45385,"minecraft:damage_taken":559,"minecraft:walk_one_cm":213456,"minecraft:drop":5,"minecraft:damage_dealt":1996,"minecraft:fly_one_cm":12277,"minecraft:open_chest":9,"minecraft:crouch_one_cm":6040,"minecraft:play_time":65984,"minecraft:sneak_time":3349,"minecraft:walk_under_water_one_cm":1612,"minecraft:jump":607,"minecraft:walk_on_water_one_cm":8388,"minecraft:total_world_time":65984,"minecraft:fall_one_cm":6163},"minecraft:killed":{"minecraft:spider":1,"minecraft:skeleton":1,"minecraft:zombie":6,"minecraft:llama":2},"minecraft:crafted":{"minecraft:cooked_beef":2,"minecraft:wooden_sword":1,"minecraft:oak_planks":14,"minecraft:stone_shovel":2,"minecraft:crafting_table":1,"minecraft:spruce_planks":50,"minecraft:wooden_pickaxe":1,"minecraft:furnace":4,"minecraft:copper_ingot":70,"minecraft:stone_axe":1,"minecraft:cooked_mutton":4,"minecraft:stick":42,"minecraft:iron_pickaxe":1,"minecraft:iron_ingot":22,"minecraft:stone_pickaxe":4,"minecraft:stone_sword":1,"minecraft:torch":50}},"DataVersion":3953}