{"stats":{"minecraft:used":{"minecraft:stone_sword":73,"minecraft:iron_shovel":460,"minecraft:stone_shovel":263,"minecraft:redstone":6,"minecraft:spruce_planks":70,"minecraft:iron_sword":321,"minecraft:stone_hoe":188,"minecraft:rotten_flesh":89,"minecraft:torch":179,"minecraft:dirt":425,"minecraft:spruce_stairs":19,"minecraft:tuff":49,"minecraft:spruce_fence":27,"minecraft:iron_hoe":103,"minecraft:wooden_axe":70,"minecraft:iron_axe":21,"minecraft:melon_seeds":40,"minecraft:bow":8,"minecraft:sweet_berries":2,"minecraft:furnace":16,"minecraft:beetroot_seeds":23,"minecraft:cooked_beef":4,"minecraft:cobbled_deepslate":180,"minecraft:calcite":4,"minecraft:wheat_seeds":270,"minecraft:cooked_mutton":9,"minecraft:water_bucket":12,"minecraft:spruce_door":2,"minecraft:stone_pickaxe":525,"minecraft:wooden_pickaxe":10,"minecraft:spruce_sign":13,"minecraft:cobblestone_slab":34,"minecraft:spruce_fence_gate":1,"minecraft:glow_berries":7,"minecraft:crafting_table":14,"minecraft:white_bed":2,"minecraft:pumpkin_seeds":13,"minecraft:wooden_hoe":61,"minecraft:flower_pot":1,"minecraft:diamond_pickaxe":1941,"minecraft:bread":14,"minecraft:melon_slice":12,"minecraft:iron_pickaxe":997,"minecraft:gravel":6,"minecraft:spruce_sapling":1,"minecraft:stone_axe":148,"minecraft:diamond_sword":83,"minecraft:wooden_sword":34,"minecraft:cobblestone":350,"minecraft:cooked_porkchop":6,"minecraft:andesite":10,"minecraft:bucket":13},"minecraft:picked_up":{"minecraft:wooden_axe":3,"minecraft:diamond_sword":2,"minecraft:iron_chestplate":2,"minecraft:flower_pot":2,"minecraft:crafting_table":14,"minecraft:wheat":85,"minecraft:ominous_bottle":1,"minecraft:clay_ball":3,"minecraft:brown_mushroom":39,"minecraft:wooden_pickaxe":1,"minecraft:amethyst_block":69,"minecraft:iron_axe":1,"minecraft:string":6,"minecraft:raw_copper":185,"minecraft:iron_leggings":2,"minecraft:iron_shovel":3,"minecraft:blue_orchid":17,"minecraft:beetroot":7,"minecraft:cobbled_deepslate":687,"minecraft:spruce_planks":52,"minecraft:calcite":19,"minecraft:cobblestone_slab":9,"minecraft:azalea":2,"minecraft:iron_pickaxe":5,"minecraft:melon_slice":66,"minecraft:sugar_cane":70,"minecraft:iron_boots":2,"minecraft:phantom_membrane":1,"minecraft:furnace":8,"minecraft:egg":5,"minecraft:tipped_arrow":5,"minecraft:raw_iron":252,"minecraft:stick":32,"minecraft:torch":156,"minecraft:spruce_stairs":5,"minecraft:porkchop":1,"minecraft:pointed_dripstone":19,"minecraft:diorite":40,"minecraft:carrot":1,"minecraft:redstone":639,"minecraft:arrow":22,"minecraft:rotten_flesh":102,"minecraft:beetroot_seeds":26,"minecraft:glow_berries":7,"minecraft:rail":38,"minecraft:bone_block":20,"minecraft:cobblestone":1590,"minecraft:cooked_beef":7,"minecraft:glow_ink_sac":4,"minecraft:andesite":202,"minecraft:leather":2,"minecraft:red_mushroom":1,"minecraft:flint":4,"minecraft:tuff":76,"minecraft:oak_log":105,"minecraft:gunpowder":5,"minecraft:dirt":767,"minecraft:lapis_lazuli":122,"minecraft:leather_boots":1,"minecraft:cooked_mutton":2,"minecraft:bone":24,"minecraft:apple":5,"minecraft:bow":7,"minecraft:wheat_seeds":262,"minecraft:raw_gold":123,"minecraft:iron_ingot":1,"minecraft:oak_planks":20,"minecraft:moss_block":41,"minecraft:flowering_azalea":1,"minecraft:iron_sword":4,"minecraft:smooth_basalt":9,"minecraft:cooked_porkchop":4,"minecraft:pumpkin":5,"minecraft:sweet_berries":2,"minecraft:gravel":88,"minecraft:dripstone_block":11,"minecraft:amethyst_shard":80,"minecraft:spruce_sapling":17,"minecraft:white_bed":2,"minecraft:spruce_log":96,"minecraft:spider_eye":2,"minecraft:spruce_door":1,"minecraft:mossy_cobblestone":7,"minecraft:diamond_shovel":1,"minecraft:pumpkin_seeds":10,"minecraft:diamond":46,"minecraft:stone_axe":2,"minecraft:diamond_axe":1,"minecraft:granite":24,"minecraft:spruce_sign":1,"minecraft:bread":40,"minecraft:emerald":1,"minecraft:oak_sapling":17,"minecraft:melon_seeds":16,"minecraft:coal":198,"minecraft:diamond_pickaxe":3},"minecraft:broken":{"minecraft:iron_shovel":1,"minecraft:stone_hoe":1,"minecraft:stone_pickaxe":4,"minecraft:diamond_pickaxe":1,"minecraft:iron_sword":1,"minecraft:iron_pickaxe":4,"minecraft:wooden_axe":1,"minecraft:wooden_hoe":1,"minecraft:stone_shovel":2},"minecraft:mined":{"minecraft:large_amethyst_bud":1,"minecraft:tuff":75,"minecraft:white_bed":2,"minecraft:spruce_planks":2,"minecraft:farmland":1,"minecraft:mossy_cobblestone":7,"minecraft:deepslate_diamond_ore":40,"minecraft:glow_lichen":1,"minecraft:cave_vines_plant":3,"minecraft:granite":21,"minecraft:budding_amethyst":11,"minecraft:grass_block":332,"minecraft:redstone_wire":6,"minecraft:spruce_leaves":47,"minecraft:moss_block":54,"minecraft:large_fern":4,"minecraft:tall_seagrass":2,"minecraft:furnace":6,"minecraft:iron_ore":83,"minecraft:cobbled_deepslate":15,"minecraft:potted_red_mushroom":1,"minecraft:andesite":140,"minecraft:pumpkin":5,"minecraft:deepslate_lapis_ore":14,"minecraft:pointed_dripstone":8,"minecraft:vine":1,"minecraft:cave_vines":7,"minecraft:deepslate_iron_ore":128,"minecraft:cobblestone_slab":10,"minecraft:rail":38,"minecraft:small_amethyst_bud":1,"minecraft:azalea":2,"minecraft:blue_orchid":17,"minecraft:stone":1492,"minecraft:bone_block":20,"minecraft:podzol":3,"minecraft:deepslate_redstone_ore":136,"minecraft:flowering_azalea":1,"minecraft:brown_mushroom":26,"minecraft:medium_amethyst_bud":2,"minecraft:melon_stem":4,"minecraft:amethyst_cluster":14,"minecraft:spruce_door":1,"minecraft:crafting_table":13,"minecraft:torch":23,"minecraft:short_grass":108,"minecraft:emerald_ore":1,"minecraft:calcite":9,"minecraft:melon":13,"minecraft:copper_ore":49,"minecraft:tall_grass":4,"minecraft:cobblestone":48,"minecraft:big_dripleaf":1,"minecraft:deepslate_gold_ore":121,"minecraft:lapis_ore":8,"minecraft:sugar_cane":35,"minecraft:spruce_sign":1,"minecraft:diorite":39,"minecraft:wall_torch":14,"minecraft:amethyst_block":73,"minecraft:spruce_stairs":5,"minecraft:seagrass":1,"minecraft:sweet_berry_bush":1,"minecraft:wheat":94,"minecraft:spruce_log":107,"minecraft:pumpkin_stem":1,"minecraft:oak_log":53,"minecraft:coal_ore":182,"minecraft:beetroots":7,"minecraft:gravel":61,"minecraft:dripstone_block":8,"minecraft:dirt":357,"minecraft:oak_leaves":16,"minecraft:deepslate":611,"minecraft:fern":3,"minecraft:infested_deepslate":1},"minecraft:dropped":{"minecraft:iron_sword":5,"minecraft:diamond_axe":1,"minecraft:moss_block":38,"minecraft:copper_block":1,"minecraft:diamond":3,"minecraft:crafting_table":1,"minecraft:dripstone_block":14,"minecraft:cooked_porkchop":1,"minecraft:granite":116,"minecraft:copper_ingot":2,"minecraft:spruce_stairs":1,"minecraft:grass_block":1,"minecraft:stick":2,"minecraft:dirt":71,"minecraft:diorite":46,"minecraft:torch":40,"minecraft:wooden_axe":1,"minecraft:wooden_sword":1,"minecraft:iron_pickaxe":3,"minecraft:smooth_basalt":40,"minecraft:gravel":86,"minecraft:stone_axe":2,"minecraft:stone_sword":1,"minecraft:raw_copper":4,"minecraft:tuff":36,"minecraft:pointed_dripstone":1,"minecraft:rotten_flesh":4,"minecraft:diamond_shovel":1,"minecraft:cooked_mutton":1,"minecraft:diamond_pickaxe":1,"minecraft:andesite":107,"minecraft:oak_sapling":7,"minecraft:bow":2,"minecraft:wooden_pickaxe":2,"minecraft:calcite":15},"minecraft:killed_by":{"minecraft:skeleton":1,"minecraft:zombie":1},"minecraft:custom":{"minecraft:mob_kills":112,"minecraft:interact_with_crafting_table":92,"minecraft:leave_game":1,"minecraft:time_since_death":49555,"minecraft:climb_one_cm":460,"minecraft:sprint_one_cm":445204,"minecraft:walk_one_cm":2066142,"minecraft:drop":75,"minecraft:talked_to_villager":6,"minecraft:deaths":2,"minecraft:play_time":461664,"minecraft:sneak_time":19343,"minecraft:walk_under_water_one_cm":11859,"minecraft:jump":3797,"minecraft:walk_on_water_one_cm":51800,"minecraft:enchant_item":1,"minecraft:total_world_time":461664,"minecraft:interact_with_furnace":188,"minecraft:traded_with_villager":1,"minecraft:interact_with_cartography_table":3,"minecraft:sleep_in_bed":10,"minecraft:time_since_rest":49640,"minecraft:damage_taken":4770,"minecraft:damage_dealt":21423,"minecraft:swim_one_cm":6955,"minecraft:fly_one_cm":91030,"minecraft:open_chest":275,"minecraft:crouch_one_cm":68896,"minecraft:fall_one_cm":41823},"minecraft:killed":{"minecraft:cave_spider":1,"minecraft:bogged":3,"minecraft:witch":1,"minecraft:spider":5,"minecraft:slime":1,"minecraft:phantom":1,"minecraft:skeleton":8,"minecraft:llama":2,"minecraft:pig":1,"minecraft:frog":1,"minecraft:creeper":3,"minecraft:pillager":2,"minecraft:zombie":81,"minecraft:enderman":1},"minecraft:crafted":{"minecraft:wooden_sword":1,"minecraft:oak_planks":78,"minecraft:cobblestone_slab":30,"minecraft:stone_shovel":2,"minecraft:cooked_chicken":1,"minecraft:furnace":11,"minecraft:stone":4,"minecraft:spruce_fence":27,"minecraft:raw_copper_block":6,"minecraft:diamond_block":9,"minecraft:cooked_mutton":19,"minecraft:glass":40,"minecraft:iron_boots":1,"minecraft:raw_copper":54,"minecraft:melon_seeds":47,"minecraft:iron_hoe":1,"minecraft:stone_pickaxe":4,"minecraft:chest":6,"minecraft:copper_block":33,"minecraft:redstone_block":86,"minecraft:bricks":19,"minecraft:stone_hoe":2,"minecraft:stone_bricks":4,"minecraft:cooked_beef":12,"minecraft:diamond_sword":1,"minecraft:spruce_sign":12,"minecraft:cooked_porkchop":8,"minecraft:crafting_table":4,"minecraft:spruce_planks":234,"minecraft:wooden_pickaxe":1,"minecraft:iron_helmet":1,"minecraft:iron_sword":2,"minecraft:spruce_door":3,"minecraft:copper_ingot":131,"minecraft:gold_block":17,"minecraft:bucket":2,"minecraft:pumpkin_seeds":13,"minecraft:amethyst_block":27,"minecraft:stone_axe":2,"minecraft:bread":27,"minecraft:air":0,"minecraft:spruce_trapdoor":2,"minecraft:charcoal":12,"minecraft:iron_chestplate":1,"minecraft:diamond_pickaxe":2,"minecraft:stick":136,"minecraft:iron_ingot":141,"minecraft:iron_pickaxe":5,"minecraft:wooden_axe":1,"minecraft:iron_block":12,"minecraft:stone_sword":1,"minecraft:gold_ingot":71,"minecraft:iron_shovel":3,"minecraft:iron_leggings":1,"minecraft:spruce_fence_gate":1,"minecraft:torch":194,"minecraft:lapis_block":27}},"DataVersion":3953}