{"stats":{"minecraft:used":{"minecraft:stone_sword":73,"minecraft:iron_shovel":255,"minecraft:stone_shovel":263,"minecraft:redstone":3,"minecraft:spruce_planks":47,"minecraft:iron_sword":176,"minecraft:stone_hoe":162,"minecraft:rotten_flesh":37,"minecraft:torch":91,"minecraft:dirt":397,"minecraft:spruce_stairs":19,"minecraft:spruce_fence":27,"minecraft:wooden_axe":29,"minecraft:melon_seeds":36,"minecraft:sweet_berries":2,"minecraft:furnace":8,"minecraft:beetroot_seeds":17,"minecraft:cooked_beef":2,"minecraft:wheat_seeds":25,"minecraft:cooked_mutton":5,"minecraft:water_bucket":12,"minecraft:spruce_door":2,"minecraft:stone_pickaxe":525,"minecraft:wooden_pickaxe":10,"minecraft:spruce_sign":13,"minecraft:cobblestone_slab":34,"minecraft:spruce_fence_gate":1,"minecraft:glow_berries":7,"minecraft:crafting_table":9,"minecraft:white_bed":2,"minecraft:pumpkin_seeds":13,"minecraft:diamond_pickaxe":294,"minecraft:iron_pickaxe":997,"minecraft:spruce_sapling":1,"minecraft:stone_axe":115,"minecraft:wooden_sword":34,"minecraft:cobblestone":178,"minecraft:cooked_porkchop":1,"minecraft:andesite":10,"minecraft:bucket":13},"minecraft:picked_up":{"minecraft:wooden_axe":1,"minecraft:crafting_table":6,"minecraft:wheat":3,"minecraft:ominous_bottle":1,"minecraft:clay_ball":3,"minecraft:brown_mushroom":7,"minecraft:wooden_pickaxe":1,"minecraft:raw_copper":185,"minecraft:blue_orchid":17,"minecraft:beetroot":4,"minecraft:cobbled_deepslate":172,"minecraft:spruce_planks":2,"minecraft:cobblestone_slab":9,"minecraft:azalea":2,"minecraft:iron_pickaxe":1,"minecraft:melon_slice":27,"minecraft:sugar_cane":12,"minecraft:phantom_membrane":1,"minecraft:furnace":4,"minecraft:egg":2,"minecraft:tipped_arrow":1,"minecraft:raw_iron":80,"minecraft:stick":21,"minecraft:torch":26,"minecraft:spruce_stairs":4,"minecraft:porkchop":1,"minecraft:pointed_dripstone":9,"minecraft:diorite":40,"minecraft:redstone":39,"minecraft:arrow":1,"minecraft:rotten_flesh":43,"minecraft:beetroot_seeds":14,"minecraft:glow_berries":7,"minecraft:bone_block":20,"minecraft:cobblestone":1073,"minecraft:andesite":78,"minecraft:leather":2,"minecraft:flint":2,"minecraft:oak_log":27,"minecraft:dirt":584,"minecraft:lapis_lazuli":98,"minecraft:cooked_mutton":2,"minecraft:bone":5,"minecraft:apple":1,"minecraft:wheat_seeds":24,"minecraft:raw_gold":12,"minecraft:iron_ingot":1,"minecraft:moss_block":41,"minecraft:flowering_azalea":1,"minecraft:iron_sword":2,"minecraft:sweet_berries":2,"minecraft:gravel":61,"minecraft:dripstone_block":6,"minecraft:spruce_sapling":15,"minecraft:white_bed":2,"minecraft:spruce_log":61,"minecraft:spruce_door":1,"minecraft:mossy_cobblestone":7,"minecraft:pumpkin_seeds":10,"minecraft:diamond":6,"minecraft:granite":24,"minecraft:spruce_sign":1,"minecraft:emerald":1,"minecraft:oak_sapling":7,"minecraft:melon_seeds":12,"minecraft:coal":160},"minecraft:broken":{"minecraft:iron_shovel":1,"minecraft:stone_pickaxe":4,"minecraft:iron_pickaxe":4,"minecraft:wooden_axe":1,"minecraft:stone_shovel":2},"minecraft:mined":{"minecraft:white_bed":2,"minecraft:spruce_planks":2,"minecraft:farmland":1,"minecraft:mossy_cobblestone":7,"minecraft:deepslate_diamond_ore":3,"minecraft:glow_lichen":1,"minecraft:cave_vines_plant":3,"minecraft:granite":21,"minecraft:grass_block":266,"minecraft:redstone_wire":3,"minecraft:spruce_leaves":41,"minecraft:moss_block":51,"minecraft:large_fern":4,"minecraft:tall_seagrass":2,"minecraft:furnace":4,"minecraft:iron_ore":74,"minecraft:andesite":73,"minecraft:deepslate_lapis_ore":8,"minecraft:pointed_dripstone":5,"minecraft:vine":1,"minecraft:cave_vines":7,"minecraft:deepslate_iron_ore":7,"minecraft:cobblestone_slab":10,"minecraft:azalea":1,"minecraft:blue_orchid":17,"minecraft:stone":1071,"minecraft:bone_block":20,"minecraft:deepslate_redstone_ore":8,"minecraft:flowering_azalea":1,"minecraft:brown_mushroom":7,"minecraft:melon_stem":2,"minecraft:spruce_door":1,"minecraft:crafting_table":6,"minecraft:torch":11,"minecraft:short_grass":99,"minecraft:emerald_ore":1,"minecraft:melon":5,"minecraft:copper_ore":49,"minecraft:tall_grass":3,"minecraft:cobblestone":35,"minecraft:deepslate_gold_ore":12,"minecraft:lapis_ore":8,"minecraft:sugar_cane":4,"minecraft:spruce_sign":1,"minecraft:diorite":39,"minecraft:wall_torch":7,"minecraft:spruce_stairs":5,"minecraft:seagrass":1,"minecraft:sweet_berry_bush":1,"minecraft:wheat":6,"minecraft:spruce_log":70,"minecraft:pumpkin_stem":1,"minecraft:oak_log":27,"minecraft:coal_ore":163,"minecraft:beetroots":4,"minecraft:gravel":36,"minecraft:dripstone_block":6,"minecraft:dirt":249,"minecraft:oak_leaves":13,"minecraft:deepslate":174,"minecraft:fern":2},"minecraft:dropped":{"minecraft:iron_sword":2,"minecraft:moss_block":38,"minecraft:diamond":3,"minecraft:dripstone_block":6,"minecraft:granite":72,"minecraft:spruce_stairs":1,"minecraft:stick":2,"minecraft:dirt":71,"minecraft:diorite":10,"minecraft:wooden_sword":1,"minecraft:gravel":52,"minecraft:stone_sword":1,"minecraft:raw_copper":4,"minecraft:cooked_mutton":1,"minecraft:andesite":62,"minecraft:oak_sapling":1,"minecraft:wooden_pickaxe":2},"minecraft:custom":{"minecraft:mob_kills":62,"minecraft:interact_with_crafting_table":58,"minecraft:time_since_death":221984,"minecraft:climb_one_cm":164,"minecraft:sprint_one_cm":153892,"minecraft:walk_one_cm":854261,"minecraft:drop":34,"minecraft:talked_to_villager":6,"minecraft:play_time":221984,"minecraft:sneak_time":9569,"minecraft:walk_under_water_one_cm":5098,"minecraft:jump":1588,"minecraft:walk_on_water_one_cm":24582,"minecraft:total_world_time":221984,"minecraft:interact_with_furnace":73,"minecraft:traded_with_villager":1,"minecraft:sleep_in_bed":6,"minecraft:time_since_rest":40437,"minecraft:damage_taken":1661,"minecraft:damage_dealt":10861,"minecraft:swim_one_cm":1742,"minecraft:fly_one_cm":31413,"minecraft:open_chest":88,"minecraft:crouch_one_cm":29426,"minecraft:fall_one_cm":17173},"minecraft:killed":{"minecraft:bogged":1,"minecraft:witch":1,"minecraft:spider":2,"minecraft:slime":1,"minecraft:phantom":1,"minecraft:skeleton":1,"minecraft:llama":2,"minecraft:pig":1,"minecraft:frog":1,"minecraft:pillager":1,"minecraft:zombie":49,"minecraft:enderman":1},"minecraft:crafted":{"minecraft:wooden_sword":1,"minecraft:oak_planks":78,"minecraft:cobblestone_slab":30,"minecraft:stone_shovel":2,"minecraft:cooked_chicken":1,"minecraft:furnace":4,"minecraft:stone":4,"minecraft:spruce_fence":27,"minecraft:cooked_mutton":19,"minecraft:iron_boots":1,"minecraft:melon_seeds":27,"minecraft:stone_pickaxe":4,"minecraft:chest":6,"minecraft:stone_hoe":2,"minecraft:stone_bricks":4,"minecraft:cooked_beef":12,"minecraft:spruce_sign":12,"minecraft:cooked_porkchop":8,"minecraft:crafting_table":3,"minecraft:spruce_planks":146,"minecraft:wooden_pickaxe":1,"minecraft:iron_helmet":1,"minecraft:iron_sword":1,"minecraft:spruce_door":3,"minecraft:copper_ingot":70,"minecraft:bucket":2,"minecraft:pumpkin_seeds":1,"minecraft:stone_axe":2,"minecraft:air":0,"minecraft:spruce_trapdoor":2,"minecraft:iron_chestplate":1,"minecraft:diamond_pickaxe":1,"minecraft:stick":64,"minecraft:iron_ingot":67,"minecraft:iron_pickaxe":3,"minecraft:stone_sword":1,"minecraft:iron_shovel":2,"minecraft:iron_leggings":1,"minecraft:spruce_fence_gate":1,"minecraft:torch":70}},"DataVersion":3953}