{"stats":{"minecraft:used":{"minecraft:cooked_mutton":2,"minecraft:stone_sword":25,"minecraft:stone_shovel":129,"minecraft:stone_pickaxe":505,"minecraft:spruce_planks":38,"minecraft:wooden_pickaxe":10,"minecraft:torch":19,"minecraft:glow_berries":7,"minecraft:dirt":22,"minecraft:crafting_table":5,"minecraft:wooden_axe":29,"minecraft:stone_axe":4,"minecraft:wooden_sword":34,"minecraft:furnace":5},"minecraft:picked_up":{"minecraft:wooden_axe":1,"minecraft:crafting_table":4,"minecraft:clay_ball":3,"minecraft:andesite":16,"minecraft:leather":2,"minecraft:wooden_pickaxe":1,"minecraft:oak_log":11,"minecraft:dirt":121,"minecraft:raw_copper":181,"minecraft:cooked_mutton":2,"minecraft:bone":2,"minecraft:spruce_planks":1,"minecraft:azalea":2,"minecraft:moss_block":39,"minecraft:flowering_azalea":1,"minecraft:furnace":1,"minecraft:stick":9,"minecraft:raw_iron":22,"minecraft:torch":6,"minecraft:gravel":9,"minecraft:spruce_sapling":1,"minecraft:diorite":30,"minecraft:spruce_log":13,"minecraft:mossy_cobblestone":7,"minecraft:rotten_flesh":2,"minecraft:granite":16,"minecraft:oak_sapling":4,"minecraft:glow_berries":7,"minecraft:coal":57,"minecraft:cobblestone":288},"minecraft:mined":{"minecraft:spruce_planks":1,"minecraft:flowering_azalea":1,"minecraft:mossy_cobblestone":7,"minecraft:crafting_table":4,"minecraft:torch":3,"minecraft:glow_lichen":1,"minecraft:cave_vines_plant":3,"minecraft:granite":16,"minecraft:short_grass":2,"minecraft:grass_block":84,"minecraft:tall_grass":1,"minecraft:copper_ore":48,"minecraft:cobblestone":2,"minecraft:spruce_leaves":2,"minecraft:moss_block":49,"minecraft:diorite":30,"minecraft:wall_torch":1,"minecraft:furnace":1,"minecraft:iron_ore":22,"minecraft:spruce_log":14,"minecraft:andesite":15,"minecraft:coal_ore":59,"minecraft:oak_log":11,"minecraft:cave_vines":7,"minecraft:gravel":8,"minecraft:dirt":38,"minecraft:azalea":1,"minecraft:stone":294,"minecraft:oak_leaves":5},"minecraft:broken":{"minecraft:stone_pickaxe":3,"minecraft:wooden_axe":1},"minecraft:dropped":{"minecraft:moss_block":37,"minecraft:oak_sapling":1,"minecraft:wooden_pickaxe":1},"minecraft:custom":{"minecraft:interact_with_furnace":30,"minecraft:mob_kills":5,"minecraft:interact_with_crafting_table":13,"minecraft:time_since_death":47984,"minecraft:sleep_in_bed":3,"minecraft:time_since_rest":29360,"minecraft:sprint_one_cm":20708,"minecraft:damage_taken":305,"minecraft:walk_one_cm":138654,"minecraft:drop":3,"minecraft:damage_dealt":1090,"minecraft:fly_one_cm":4527,"minecraft:open_chest":2,"minecraft:crouch_one_cm":4905,"minecraft:play_time":47984,"minecraft:sneak_time":2732,"minecraft:jump":353,"minecraft:walk_on_water_one_cm":1240,"minecraft:total_world_time":47984,"minecraft:fall_one_cm":4812},"minecraft:killed":{"minecraft:spider":1,"minecraft:skeleton":1,"minecraft:zombie":1,"minecraft:llama":2},"minecraft:crafted":{"minecraft:wooden_sword":1,"minecraft:oak_planks":14,"minecraft:stone_shovel":2,"minecraft:crafting_table":1,"minecraft:spruce_planks":50,"minecraft:wooden_pickaxe":1,"minecraft:furnace":4,"minecraft:copper_ingot":70,"minecraft:stone_axe":1,"minecraft:cooked_mutton":4,"minecraft:stick":42,"minecraft:iron_ingot":3,"minecraft:stone_pickaxe":4,"minecraft:stone_sword":1,"minecraft:torch":50}},"DataVersion":3953}