{"stats":{"minecraft:used":{"minecraft:wooden_axe":9,"minecraft:stone_pickaxe":141,"minecraft:wooden_pickaxe":10,"minecraft:wooden_sword":17,"minecraft:crafting_table":4},"minecraft:picked_up":{"minecraft:wooden_axe":1,"minecraft:stick":4,"minecraft:crafting_table":3,"minecraft:leather":2,"minecraft:spruce_sapling":1,"minecraft:diorite":18,"minecraft:spruce_log":6,"minecraft:dirt":2,"minecraft:raw_copper":134,"minecraft:granite":12,"minecraft:oak_sapling":2,"minecraft:cobblestone":84},"minecraft:mined":{"minecraft:spruce_log":7,"minecraft:crafting_table":3,"minecraft:granite":12,"minecraft:grass_block":2,"minecraft:copper_ore":35,"minecraft:stone":86,"minecraft:diorite":18,"minecraft:oak_leaves":4},"minecraft:broken":{"minecraft:stone_pickaxe":1},"minecraft:dropped":{"minecraft:oak_sapling":1},"minecraft:custom":{"minecraft:time_since_rest":11984,"minecraft:sprint_one_cm":2605,"minecraft:damage_taken":30,"minecraft:walk_one_cm":14456,"minecraft:mob_kills":1,"minecraft:drop":1,"minecraft:damage_dealt":193,"minecraft:interact_with_crafting_table":5,"minecraft:fly_one_cm":494,"minecraft:crouch_one_cm":87,"minecraft:play_time":11984,"minecraft:sneak_time":16,"minecraft:jump":29,"minecraft:time_since_death":11984,"minecraft:total_world_time":11984},"minecraft:killed":{"minecraft:llama":1},"minecraft:crafted":{"minecraft:wooden_sword":1,"minecraft:stone_shovel":1,"minecraft:crafting_table":1,"minecraft:spruce_planks":22,"minecraft:stick":10,"minecraft:wooden_pickaxe":1,"minecraft:stone_pickaxe":2}},"DataVersion":3953}