{"stats":{"minecraft:picked_up":{"minecraft:spruce_log":1,"minecraft:brown_mushroom":2,"minecraft:dirt":3},"minecraft:custom":{"minecraft:jump":78,"minecraft:time_since_rest":13235,"minecraft:leave_game":1,"minecraft:damage_dealt":68,"minecraft:sprint_one_cm":195,"minecraft:play_time":13235,"minecraft:damage_taken":20,"minecraft:time_since_death":13235,"minecraft:walk_one_cm":32960,"minecraft:total_world_time":13235,"minecraft:mob_kills":1,"minecraft:fall_one_cm":2270,"minecraft:fly_one_cm":52},"minecraft:mined":{"minecraft:grass_block":1,"minecraft:spruce_leaves":5,"minecraft:brown_mushroom":2,"minecraft:dirt":2}},"DataVersion":3953}