{"stats":{"minecraft:picked_up":{"minecraft:spruce_log":1,"minecraft:brown_mushroom":2},"minecraft:custom":{"minecraft:jump":78,"minecraft:time_since_rest":10663,"minecraft:damage_dealt":68,"minecraft:sprint_one_cm":195,"minecraft:play_time":10663,"minecraft:damage_taken":20,"minecraft:time_since_death":10663,"minecraft:walk_one_cm":32941,"minecraft:total_world_time":10663,"minecraft:mob_kills":1,"minecraft:fall_one_cm":2270,"minecraft:fly_one_cm":52},"minecraft:mined":{"minecraft:spruce_leaves":5,"minecraft:brown_mushroom":2}},"DataVersion":3953}