{"stats":{"minecraft:used":{"minecraft:beetroot":5,"minecraft:enchanting_table":1,"minecraft:chest":41,"minecraft:spruce_planks":683,"minecraft:iron_sword":5,"minecraft:rotten_flesh":2,"minecraft:torch":176,"minecraft:dirt":687,"minecraft:spruce_stairs":55,"minecraft:granite":2,"minecraft:wooden_axe":9,"minecraft:iron_axe":194,"minecraft:melon_seeds":2,"minecraft:sweet_berries":21,"minecraft:furnace":2,"minecraft:oak_sapling":1,"minecraft:beetroot_seeds":7,"minecraft:wheat_seeds":40,"minecraft:cooked_mutton":4,"minecraft:water_bucket":122,"minecraft:diorite":20,"minecraft:spruce_door":2,"minecraft:stone_pickaxe":132,"minecraft:oak_planks":1,"minecraft:wooden_pickaxe":56,"minecraft:diamond_axe":224,"minecraft:sugar_cane":5,"minecraft:glow_berries":4,"minecraft:sand":45,"minecraft:crafting_table":7,"minecraft:white_bed":1,"minecraft:spruce_log":2,"minecraft:wooden_hoe":78,"minecraft:diamond_pickaxe":47,"minecraft:apple":1,"minecraft:diamond_shovel":883,"minecraft:melon_slice":5,"minecraft:iron_pickaxe":854,"minecraft:bread":2,"minecraft:spruce_sapling":32,"minecraft:diamond_sword":7,"minecraft:cobblestone":370,"minecraft:cooked_porkchop":6,"minecraft:bucket":121},"minecraft:picked_up":{"minecraft:wooden_axe":2,"minecraft:crafting_table":1,"minecraft:wheat":10,"minecraft:brown_mushroom":2,"minecraft:wooden_pickaxe":4,"minecraft:raw_copper":45,"minecraft:iron_axe":1,"minecraft:beetroot":6,"minecraft:bucket":2,"minecraft:spruce_planks":715,"minecraft:cobblestone_slab":16,"minecraft:azalea":2,"minecraft:poppy":2,"minecraft:melon_slice":10,"minecraft:sugar_cane":28,"minecraft:chest":3,"minecraft:egg":2,"minecraft:stick":22,"minecraft:raw_iron":6,"minecraft:torch":97,"minecraft:spruce_stairs":8,"minecraft:diorite":51,"minecraft:stone_sword":5,"minecraft:rotten_flesh":4,"minecraft:beetroot_seeds":17,"minecraft:cobblestone":921,"minecraft:enchanting_table":1,"minecraft:feather":1,"minecraft:andesite":2,"minecraft:tuff":1,"minecraft:oak_log":38,"minecraft:lapis_lazuli":59,"minecraft:wooden_hoe":1,"minecraft:dirt":799,"minecraft:cooked_mutton":7,"minecraft:apple":1,"minecraft:wheat_seeds":55,"minecraft:stone_pickaxe":4,"minecraft:iron_ingot":54,"minecraft:cooked_porkchop":6,"minecraft:sweet_berries":29,"minecraft:dandelion":2,"minecraft:gravel":3,"minecraft:sand":217,"minecraft:spruce_sapling":39,"minecraft:white_bed":2,"minecraft:spruce_log":240,"minecraft:spruce_door":2,"minecraft:diamond_shovel":1,"minecraft:pumpkin_seeds":2,"minecraft:stone_axe":2,"minecraft:granite":156,"minecraft:oak_sapling":7,"minecraft:melon_seeds":2,"minecraft:coal":41},"minecraft:broken":{"minecraft:stone_pickaxe":1,"minecraft:iron_pickaxe":2},"minecraft:mined":{"minecraft:tuff":1,"minecraft:spruce_planks":64,"minecraft:white_bed":1,"minecraft:farmland":3,"minecraft:granite":156,"minecraft:grass_block":408,"minecraft:spruce_leaves":96,"minecraft:large_fern":48,"minecraft:iron_ore":6,"minecraft:andesite":2,"minecraft:enchanting_table":1,"minecraft:cobblestone_slab":15,"minecraft:stone":683,"minecraft:brown_mushroom":1,"minecraft:dandelion":2,"minecraft:spruce_door":2,"minecraft:crafting_table":1,"minecraft:torch":5,"minecraft:short_grass":44,"minecraft:poppy":3,"minecraft:melon":2,"minecraft:chest":3,"minecraft:copper_ore":12,"minecraft:cobblestone":100,"minecraft:lapis_ore":10,"minecraft:sugar_cane":23,"minecraft:oak_planks":1,"minecraft:diorite":52,"minecraft:wall_torch":6,"minecraft:spruce_stairs":10,"minecraft:wheat":24,"minecraft:sweet_berry_bush":15,"minecraft:spruce_log":241,"minecraft:coal_ore":39,"minecraft:oak_log":38,"minecraft:beetroots":6,"minecraft:gravel":3,"minecraft:sand":120,"minecraft:dirt":398,"minecraft:oak_leaves":10,"minecraft:fern":36},"minecraft:dropped":{"minecraft:cobblestone":165,"minecraft:wooden_axe":3,"minecraft:wooden_sword":1,"minecraft:stone_axe":2,"minecraft:stone_sword":6,"minecraft:spruce_log":1,"minecraft:wooden_pickaxe":3,"minecraft:stone_pickaxe":5},"minecraft:custom":{"minecraft:mob_kills":2,"minecraft:interact_with_crafting_table":46,"minecraft:leave_game":1,"minecraft:time_since_death":109182,"minecraft:sprint_one_cm":431478,"minecraft:walk_one_cm":796315,"minecraft:drop":24,"minecraft:play_time":192870,"minecraft:deaths":2,"minecraft:sneak_time":13563,"minecraft:walk_under_water_one_cm":43104,"minecraft:jump":1423,"minecraft:walk_on_water_one_cm":37812,"minecraft:total_world_time":192870,"minecraft:interact_with_furnace":9,"minecraft:sleep_in_bed":3,"minecraft:time_since_rest":28437,"minecraft:damage_taken":1688,"minecraft:damage_dealt":697,"minecraft:fly_one_cm":52453,"minecraft:open_chest":48,"minecraft:crouch_one_cm":53806,"minecraft:fall_one_cm":36118},"minecraft:killed":{"minecraft:zombie":1,"minecraft:glow_squid":1},"minecraft:crafted":{"minecraft:wooden_sword":1,"minecraft:oak_planks":80,"minecraft:furnace":2,"minecraft:diamond_shovel":1,"minecraft:spruce_stairs":68,"minecraft:iron_axe":1,"minecraft:stone_pickaxe":2,"minecraft:chest":38,"minecraft:stone_hoe":1,"minecraft:diamond_sword":1,"minecraft:diamond_axe":1,"minecraft:crafting_table":8,"minecraft:spruce_planks":972,"minecraft:wooden_pickaxe":1,"minecraft:iron_sword":1,"minecraft:spruce_door":6,"minecraft:copper_ingot":16,"minecraft:bucket":2,"minecraft:stone_axe":1,"minecraft:bread":2,"minecraft:wooden_hoe":2,"minecraft:charcoal":3,"minecraft:diamond_pickaxe":1,"minecraft:stick":76,"minecraft:iron_pickaxe":6,"minecraft:wooden_axe":1,"minecraft:stone_sword":1,"minecraft:torch":162}},"DataVersion":3953}