{"stats":{"minecraft:used":{"minecraft:beetroot":5,"minecraft:enchanting_table":1,"minecraft:chest":41,"minecraft:spruce_planks":683,"minecraft:iron_sword":5,"minecraft:rotten_flesh":2,"minecraft:torch":288,"minecraft:dirt":687,"minecraft:spruce_stairs":55,"minecraft:granite":2,"minecraft:wooden_axe":9,"minecraft:iron_axe":194,"minecraft:melon_seeds":2,"minecraft:sweet_berries":21,"minecraft:furnace":3,"minecraft:oak_sapling":1,"minecraft:beetroot_seeds":28,"minecraft:cobbled_deepslate":17,"minecraft:pointed_dripstone":3,"minecraft:wheat_seeds":40,"minecraft:cooked_mutton":7,"minecraft:water_bucket":122,"minecraft:diorite":20,"minecraft:spruce_door":2,"minecraft:stone_pickaxe":132,"minecraft:oak_planks":1,"minecraft:wooden_pickaxe":56,"minecraft:diamond_axe":224,"minecraft:sugar_cane":5,"minecraft:glow_berries":4,"minecraft:sand":45,"minecraft:crafting_table":8,"minecraft:white_bed":1,"minecraft:spruce_log":2,"minecraft:wooden_hoe":78,"minecraft:diamond_pickaxe":555,"minecraft:apple":1,"minecraft:diamond_shovel":893,"minecraft:melon_slice":8,"minecraft:iron_pickaxe":854,"minecraft:bread":3,"minecraft:spruce_sapling":32,"minecraft:diamond_sword":42,"minecraft:cobblestone":439,"minecraft:white_banner":2,"minecraft:cooked_porkchop":7,"minecraft:bucket":121},"minecraft:picked_up":{"minecraft:wooden_axe":2,"minecraft:crafting_table":1,"minecraft:wheat":12,"minecraft:brown_mushroom":2,"minecraft:diamond_sword":3,"minecraft:wooden_pickaxe":4,"minecraft:raw_copper":261,"minecraft:iron_axe":1,"minecraft:beetroot":15,"minecraft:cobbled_deepslate":219,"minecraft:bucket":5,"minecraft:spruce_planks":807,"minecraft:cobblestone_slab":16,"minecraft:azalea":2,"minecraft:poppy":2,"minecraft:iron_pickaxe":6,"minecraft:melon_slice":23,"minecraft:sugar_cane":28,"minecraft:chest":3,"minecraft:egg":2,"minecraft:stick":58,"minecraft:raw_iron":27,"minecraft:torch":183,"minecraft:spruce_stairs":8,"minecraft:pointed_dripstone":96,"minecraft:diorite":195,"minecraft:stone_sword":5,"minecraft:rotten_flesh":14,"minecraft:beetroot_seeds":38,"minecraft:cobblestone":1569,"minecraft:enchanting_table":1,"minecraft:feather":1,"minecraft:andesite":2,"minecraft:tuff":4,"minecraft:oak_log":38,"minecraft:lapis_lazuli":183,"minecraft:wooden_hoe":1,"minecraft:dirt":845,"minecraft:white_banner":2,"minecraft:cooked_mutton":10,"minecraft:apple":1,"minecraft:wheat_seeds":56,"minecraft:raw_gold":20,"minecraft:stone_pickaxe":4,"minecraft:iron_ingot":54,"minecraft:cooked_porkchop":6,"minecraft:sweet_berries":29,"minecraft:dripstone_block":24,"minecraft:dandelion":2,"minecraft:gravel":3,"minecraft:sand":217,"minecraft:spruce_sapling":39,"minecraft:white_bed":2,"minecraft:spruce_log":240,"minecraft:spruce_door":2,"minecraft:diamond_shovel":4,"minecraft:pumpkin_seeds":2,"minecraft:diamond":1,"minecraft:stone_axe":2,"minecraft:iron_helmet":1,"minecraft:diamond_axe":3,"minecraft:granite":332,"minecraft:bread":1,"minecraft:oak_sapling":7,"minecraft:melon_seeds":3,"minecraft:coal":64,"minecraft:diamond_pickaxe":3},"minecraft:broken":{"minecraft:stone_pickaxe":1,"minecraft:iron_pickaxe":2},"minecraft:mined":{"minecraft:tuff":1,"minecraft:spruce_planks":64,"minecraft:white_bed":1,"minecraft:farmland":3,"minecraft:deepslate_diamond_ore":1,"minecraft:glow_lichen":4,"minecraft:granite":200,"minecraft:grass_block":413,"minecraft:spruce_leaves":96,"minecraft:large_fern":48,"minecraft:iron_ore":6,"minecraft:andesite":2,"minecraft:deepslate_lapis_ore":1,"minecraft:enchanting_table":1,"minecraft:pointed_dripstone":14,"minecraft:deepslate_iron_ore":16,"minecraft:cobblestone_slab":15,"minecraft:white_banner":1,"minecraft:stone":917,"minecraft:brown_mushroom":1,"minecraft:dandelion":2,"minecraft:spruce_door":2,"minecraft:crafting_table":1,"minecraft:torch":5,"minecraft:short_grass":44,"minecraft:poppy":3,"minecraft:melon":2,"minecraft:chest":3,"minecraft:copper_ore":26,"minecraft:cobblestone":110,"minecraft:deepslate_gold_ore":20,"minecraft:lapis_ore":13,"minecraft:sugar_cane":23,"minecraft:oak_planks":1,"minecraft:diorite":88,"minecraft:wall_torch":9,"minecraft:spruce_stairs":10,"minecraft:wheat":24,"minecraft:sweet_berry_bush":15,"minecraft:spruce_log":241,"minecraft:coal_ore":59,"minecraft:oak_log":38,"minecraft:beetroots":13,"minecraft:dripstone_block":6,"minecraft:gravel":3,"minecraft:sand":120,"minecraft:dirt":415,"minecraft:oak_leaves":10,"minecraft:deepslate":83,"minecraft:fern":36},"minecraft:dropped":{"minecraft:cobblestone":165,"minecraft:wooden_axe":3,"minecraft:wooden_sword":1,"minecraft:stone_axe":2,"minecraft:stone_sword":6,"minecraft:spruce_log":1,"minecraft:wooden_pickaxe":3,"minecraft:stone_pickaxe":5},"minecraft:killed_by":{"minecraft:creeper":2,"minecraft:skeleton":1},"minecraft:custom":{"minecraft:mob_kills":6,"minecraft:interact_with_crafting_table":54,"minecraft:leave_game":1,"minecraft:time_since_death":21781,"minecraft:sprint_one_cm":584695,"minecraft:walk_one_cm":996217,"minecraft:drop":24,"minecraft:play_time":240870,"minecraft:deaths":5,"minecraft:sneak_time":13596,"minecraft:walk_under_water_one_cm":43165,"minecraft:jump":2157,"minecraft:walk_on_water_one_cm":39928,"minecraft:total_world_time":240870,"minecraft:interact_with_furnace":14,"minecraft:sleep_in_bed":3,"minecraft:time_since_rest":21811,"minecraft:damage_taken":3072,"minecraft:damage_dealt":1391,"minecraft:fly_one_cm":74910,"minecraft:open_chest":67,"minecraft:crouch_one_cm":54029,"minecraft:fall_one_cm":50763},"minecraft:killed":{"minecraft:zombie":5,"minecraft:glow_squid":1},"minecraft:crafted":{"minecraft:wooden_sword":1,"minecraft:oak_planks":80,"minecraft:furnace":3,"minecraft:diamond_shovel":1,"minecraft:spruce_stairs":68,"minecraft:iron_boots":1,"minecraft:iron_axe":1,"minecraft:stone_pickaxe":2,"minecraft:chest":38,"minecraft:stone_hoe":1,"minecraft:diamond_sword":1,"minecraft:diamond_axe":1,"minecraft:crafting_table":9,"minecraft:spruce_planks":972,"minecraft:iron_helmet":1,"minecraft:wooden_pickaxe":1,"minecraft:iron_sword":1,"minecraft:spruce_door":6,"minecraft:copper_ingot":16,"minecraft:bucket":2,"minecraft:stone_axe":1,"minecraft:bread":3,"minecraft:wooden_hoe":2,"minecraft:charcoal":3,"minecraft:diamond_pickaxe":1,"minecraft:stick":104,"minecraft:iron_ingot":9,"minecraft:iron_pickaxe":6,"minecraft:wooden_axe":1,"minecraft:stone_sword":1,"minecraft:torch":274}},"DataVersion":3953}