{"stats":{"minecraft:picked_up":{"minecraft:feather":1,"minecraft:sweet_berries":29,"minecraft:wooden_pickaxe":2,"minecraft:brown_mushroom":1,"minecraft:torch":33,"minecraft:dandelion":2,"minecraft:diorite":9,"minecraft:spruce_log":20,"minecraft:dirt":8,"minecraft:raw_copper":7,"minecraft:stone_sword":5,"minecraft:stone_axe":2,"minecraft:wheat_seeds":14,"minecraft:iron_ingot":11,"minecraft:granite":18,"minecraft:stone_pickaxe":4,"minecraft:poppy":2,"minecraft:sugar_cane":1,"minecraft:wooden_axe":2,"minecraft:cobblestone":132,"minecraft:egg":1},"minecraft:used":{"minecraft:wooden_axe":9,"minecraft:iron_pickaxe":10,"minecraft:stone_pickaxe":132,"minecraft:chest":2,"minecraft:spruce_planks":1,"minecraft:wooden_pickaxe":23,"minecraft:torch":10,"minecraft:sweet_berries":18,"minecraft:crafting_table":3,"minecraft:furnace":1,"minecraft:spruce_log":1},"minecraft:mined":{"minecraft:large_fern":48,"minecraft:brown_mushroom":1,"minecraft:sweet_berry_bush":15,"minecraft:spruce_log":20,"minecraft:dandelion":2,"minecraft:granite":18,"minecraft:short_grass":20,"minecraft:grass_block":5,"minecraft:poppy":3,"minecraft:dirt":5,"minecraft:copper_ore":2,"minecraft:spruce_leaves":1,"minecraft:stone":135,"minecraft:sugar_cane":1,"minecraft:diorite":9,"minecraft:fern":36},"minecraft:broken":{"minecraft:stone_pickaxe":1},"minecraft:dropped":{"minecraft:stone_axe":2,"minecraft:stone_sword":6,"minecraft:wooden_axe":3,"minecraft:wooden_sword":1,"minecraft:spruce_log":1,"minecraft:stone_pickaxe":5,"minecraft:wooden_pickaxe":3},"minecraft:custom":{"minecraft:time_since_rest":30870,"minecraft:interact_with_furnace":2,"minecraft:sprint_one_cm":73227,"minecraft:damage_taken":303,"minecraft:walk_one_cm":117362,"minecraft:drop":21,"minecraft:damage_dealt":81,"minecraft:interact_with_crafting_table":12,"minecraft:fly_one_cm":14170,"minecraft:open_chest":3,"minecraft:crouch_one_cm":1531,"minecraft:play_time":30870,"minecraft:sneak_time":297,"minecraft:walk_under_water_one_cm":7654,"minecraft:jump":339,"minecraft:leave_game":1,"minecraft:walk_on_water_one_cm":8654,"minecraft:time_since_death":30870,"minecraft:total_world_time":30870,"minecraft:fall_one_cm":6233},"minecraft:crafted":{"minecraft:wooden_sword":1,"minecraft:oak_planks":14,"minecraft:charcoal":3,"minecraft:crafting_table":3,"minecraft:spruce_planks":48,"minecraft:stick":24,"minecraft:iron_sword":1,"minecraft:iron_pickaxe":1,"minecraft:wooden_pickaxe":1,"minecraft:stone_sword":1,"minecraft:stone_pickaxe":2,"minecraft:wooden_axe":1,"minecraft:chest":2,"minecraft:furnace":1,"minecraft:torch":10,"minecraft:stone_hoe":1,"minecraft:stone_axe":1}},"DataVersion":3953}