{"stats":{"minecraft:used":{"minecraft:water_bucket":20,"minecraft:diorite":20,"minecraft:stone_pickaxe":132,"minecraft:spruce_planks":3,"minecraft:chest":2,"minecraft:wooden_pickaxe":29,"minecraft:iron_sword":5,"minecraft:torch":37,"minecraft:dirt":202,"minecraft:crafting_table":4,"minecraft:granite":2,"minecraft:spruce_log":1,"minecraft:wooden_axe":9,"minecraft:wooden_hoe":13,"minecraft:diamond_shovel":236,"minecraft:iron_axe":26,"minecraft:iron_pickaxe":606,"minecraft:cobblestone":178,"minecraft:sweet_berries":21,"minecraft:oak_sapling":1,"minecraft:furnace":2,"minecraft:bucket":20},"minecraft:picked_up":{"minecraft:wooden_axe":2,"minecraft:feather":1,"minecraft:andesite":2,"minecraft:brown_mushroom":1,"minecraft:wooden_pickaxe":3,"minecraft:lapis_lazuli":59,"minecraft:dirt":229,"minecraft:raw_copper":45,"minecraft:wheat_seeds":14,"minecraft:iron_ingot":11,"minecraft:stone_pickaxe":4,"minecraft:azalea":1,"minecraft:poppy":2,"minecraft:sugar_cane":1,"minecraft:egg":1,"minecraft:stick":3,"minecraft:raw_iron":6,"minecraft:sweet_berries":29,"minecraft:torch":35,"minecraft:dandelion":2,"minecraft:gravel":3,"minecraft:spruce_sapling":1,"minecraft:diorite":51,"minecraft:spruce_log":42,"minecraft:stone_sword":5,"minecraft:rotten_flesh":2,"minecraft:stone_axe":2,"minecraft:granite":122,"minecraft:oak_sapling":1,"minecraft:coal":37,"minecraft:cobblestone":675},"minecraft:mined":{"minecraft:brown_mushroom":1,"minecraft:dandelion":2,"minecraft:granite":122,"minecraft:short_grass":35,"minecraft:grass_block":171,"minecraft:poppy":3,"minecraft:cobblestone":8,"minecraft:copper_ore":12,"minecraft:spruce_leaves":18,"minecraft:lapis_ore":10,"minecraft:sugar_cane":1,"minecraft:diorite":52,"minecraft:wall_torch":1,"minecraft:large_fern":48,"minecraft:iron_ore":6,"minecraft:sweet_berry_bush":15,"minecraft:spruce_log":35,"minecraft:andesite":2,"minecraft:coal_ore":37,"minecraft:gravel":3,"minecraft:dirt":82,"minecraft:stone":511,"minecraft:fern":36},"minecraft:broken":{"minecraft:stone_pickaxe":1,"minecraft:iron_pickaxe":2},"minecraft:dropped":{"minecraft:stone_axe":2,"minecraft:stone_sword":6,"minecraft:cobblestone":165,"minecraft:wooden_axe":3,"minecraft:wooden_sword":1,"minecraft:spruce_log":1,"minecraft:stone_pickaxe":5,"minecraft:wooden_pickaxe":3},"minecraft:custom":{"minecraft:interact_with_furnace":5,"minecraft:mob_kills":1,"minecraft:interact_with_crafting_table":20,"minecraft:leave_game":1,"minecraft:time_since_death":24390,"minecraft:time_since_rest":24524,"minecraft:sprint_one_cm":102895,"minecraft:damage_taken":558,"minecraft:walk_one_cm":254185,"minecraft:drop":24,"minecraft:damage_dealt":332,"minecraft:fly_one_cm":18520,"minecraft:open_chest":16,"minecraft:crouch_one_cm":17542,"minecraft:play_time":72870,"minecraft:deaths":1,"minecraft:sneak_time":3941,"minecraft:walk_under_water_one_cm":37974,"minecraft:jump":631,"minecraft:walk_on_water_one_cm":22663,"minecraft:total_world_time":72870,"minecraft:fall_one_cm":12621},"minecraft:killed":{"minecraft:glow_squid":1},"minecraft:crafted":{"minecraft:wooden_sword":1,"minecraft:oak_planks":14,"minecraft:crafting_table":4,"minecraft:spruce_planks":76,"minecraft:wooden_pickaxe":1,"minecraft:iron_sword":1,"minecraft:furnace":2,"minecraft:copper_ingot":16,"minecraft:bucket":2,"minecraft:diamond_shovel":1,"minecraft:stone_axe":1,"minecraft:wooden_hoe":1,"minecraft:charcoal":3,"minecraft:iron_axe":1,"minecraft:stick":56,"minecraft:iron_pickaxe":3,"minecraft:stone_pickaxe":2,"minecraft:wooden_axe":1,"minecraft:stone_sword":1,"minecraft:chest":2,"minecraft:torch":58,"minecraft:stone_hoe":1}},"DataVersion":3953}