{"stats":{"minecraft:used":{"minecraft:wheat_seeds":1,"minecraft:water_bucket":46,"minecraft:diorite":20,"minecraft:stone_pickaxe":132,"minecraft:spruce_planks":267,"minecraft:chest":2,"minecraft:wooden_pickaxe":56,"minecraft:iron_sword":5,"minecraft:sugar_cane":4,"minecraft:rotten_flesh":2,"minecraft:torch":71,"minecraft:glow_berries":4,"minecraft:dirt":221,"minecraft:sand":45,"minecraft:crafting_table":4,"minecraft:white_bed":1,"minecraft:granite":2,"minecraft:spruce_log":1,"minecraft:wooden_axe":9,"minecraft:wooden_hoe":13,"minecraft:diamond_shovel":382,"minecraft:iron_axe":128,"minecraft:iron_pickaxe":813,"minecraft:cobblestone":290,"minecraft:sweet_berries":21,"minecraft:oak_sapling":1,"minecraft:furnace":2,"minecraft:cooked_porkchop":1,"minecraft:bucket":46},"minecraft:picked_up":{"minecraft:wooden_axe":2,"minecraft:feather":1,"minecraft:andesite":2,"minecraft:brown_mushroom":2,"minecraft:wooden_pickaxe":4,"minecraft:oak_log":11,"minecraft:wooden_hoe":1,"minecraft:lapis_lazuli":59,"minecraft:dirt":257,"minecraft:iron_axe":1,"minecraft:raw_copper":45,"minecraft:wheat_seeds":16,"minecraft:bucket":2,"minecraft:spruce_planks":304,"minecraft:iron_ingot":54,"minecraft:stone_pickaxe":4,"minecraft:cobblestone_slab":1,"minecraft:azalea":2,"minecraft:poppy":2,"minecraft:sugar_cane":5,"minecraft:egg":2,"minecraft:stick":6,"minecraft:raw_iron":6,"minecraft:cooked_porkchop":6,"minecraft:sweet_berries":29,"minecraft:torch":84,"minecraft:dandelion":2,"minecraft:sand":217,"minecraft:gravel":3,"minecraft:spruce_sapling":9,"minecraft:diorite":51,"minecraft:white_bed":2,"minecraft:spruce_log":86,"minecraft:diamond_shovel":1,"minecraft:stone_sword":5,"minecraft:rotten_flesh":2,"minecraft:stone_axe":2,"minecraft:granite":156,"minecraft:oak_sapling":4,"minecraft:coal":41,"minecraft:cobblestone":864},"minecraft:mined":{"minecraft:spruce_planks":26,"minecraft:white_bed":1,"minecraft:brown_mushroom":1,"minecraft:dandelion":2,"minecraft:torch":1,"minecraft:granite":156,"minecraft:short_grass":35,"minecraft:grass_block":177,"minecraft:poppy":3,"minecraft:cobblestone":33,"minecraft:copper_ore":12,"minecraft:spruce_leaves":39,"minecraft:lapis_ore":10,"minecraft:sugar_cane":1,"minecraft:diorite":52,"minecraft:wall_torch":1,"minecraft:large_fern":48,"minecraft:wheat":1,"minecraft:iron_ore":6,"minecraft:sweet_berry_bush":15,"minecraft:spruce_log":82,"minecraft:andesite":2,"minecraft:oak_log":11,"minecraft:coal_ore":39,"minecraft:sand":120,"minecraft:gravel":3,"minecraft:dirt":108,"minecraft:stone":683,"minecraft:fern":36},"minecraft:broken":{"minecraft:stone_pickaxe":1,"minecraft:iron_pickaxe":2},"minecraft:dropped":{"minecraft:stone_axe":2,"minecraft:stone_sword":6,"minecraft:cobblestone":165,"minecraft:wooden_axe":3,"minecraft:wooden_sword":1,"minecraft:spruce_log":1,"minecraft:stone_pickaxe":5,"minecraft:wooden_pickaxe":3},"minecraft:custom":{"minecraft:interact_with_furnace":9,"minecraft:mob_kills":1,"minecraft:interact_with_crafting_table":24,"minecraft:leave_game":1,"minecraft:time_since_death":25182,"minecraft:sleep_in_bed":1,"minecraft:time_since_rest":18192,"minecraft:sprint_one_cm":169109,"minecraft:damage_taken":898,"minecraft:walk_one_cm":405133,"minecraft:drop":24,"minecraft:damage_dealt":332,"minecraft:fly_one_cm":28477,"minecraft:open_chest":26,"minecraft:crouch_one_cm":26800,"minecraft:play_time":108870,"minecraft:deaths":2,"minecraft:sneak_time":6852,"minecraft:walk_under_water_one_cm":43104,"minecraft:jump":955,"minecraft:walk_on_water_one_cm":32487,"minecraft:total_world_time":108870,"minecraft:fall_one_cm":21237},"minecraft:killed":{"minecraft:glow_squid":1},"minecraft:crafted":{"minecraft:wooden_sword":1,"minecraft:oak_planks":56,"minecraft:crafting_table":4,"minecraft:spruce_planks":312,"minecraft:wooden_pickaxe":1,"minecraft:iron_sword":1,"minecraft:furnace":2,"minecraft:copper_ingot":16,"minecraft:bucket":2,"minecraft:diamond_shovel":1,"minecraft:stone_axe":1,"minecraft:wooden_hoe":1,"minecraft:charcoal":3,"minecraft:iron_axe":1,"minecraft:stick":76,"minecraft:iron_pickaxe":6,"minecraft:stone_pickaxe":2,"minecraft:wooden_axe":1,"minecraft:stone_sword":1,"minecraft:chest":2,"minecraft:torch":94,"minecraft:stone_hoe":1}},"DataVersion":3953}