{"stats":{"minecraft:used":{"minecraft:diorite":20,"minecraft:stone_pickaxe":132,"minecraft:spruce_planks":1,"minecraft:chest":2,"minecraft:wooden_pickaxe":23,"minecraft:iron_sword":5,"minecraft:torch":37,"minecraft:crafting_table":4,"minecraft:granite":2,"minecraft:spruce_log":1,"minecraft:wooden_axe":9,"minecraft:iron_pickaxe":606,"minecraft:cobblestone":16,"minecraft:sweet_berries":21,"minecraft:furnace":2},"minecraft:picked_up":{"minecraft:wooden_axe":2,"minecraft:feather":1,"minecraft:andesite":2,"minecraft:brown_mushroom":1,"minecraft:wooden_pickaxe":2,"minecraft:lapis_lazuli":59,"minecraft:dirt":10,"minecraft:raw_copper":45,"minecraft:wheat_seeds":14,"minecraft:iron_ingot":11,"minecraft:stone_pickaxe":4,"minecraft:poppy":2,"minecraft:sugar_cane":1,"minecraft:egg":1,"minecraft:raw_iron":6,"minecraft:sweet_berries":29,"minecraft:torch":35,"minecraft:dandelion":2,"minecraft:gravel":3,"minecraft:diorite":51,"minecraft:spruce_log":20,"minecraft:stone_sword":5,"minecraft:stone_axe":2,"minecraft:granite":122,"minecraft:coal":37,"minecraft:cobblestone":669},"minecraft:mined":{"minecraft:brown_mushroom":1,"minecraft:dandelion":2,"minecraft:granite":122,"minecraft:short_grass":20,"minecraft:grass_block":5,"minecraft:poppy":3,"minecraft:cobblestone":2,"minecraft:copper_ore":12,"minecraft:spruce_leaves":1,"minecraft:lapis_ore":10,"minecraft:sugar_cane":1,"minecraft:diorite":52,"minecraft:wall_torch":1,"minecraft:large_fern":48,"minecraft:iron_ore":6,"minecraft:sweet_berry_bush":15,"minecraft:spruce_log":20,"minecraft:andesite":2,"minecraft:coal_ore":37,"minecraft:gravel":3,"minecraft:dirt":7,"minecraft:stone":511,"minecraft:fern":36},"minecraft:broken":{"minecraft:stone_pickaxe":1,"minecraft:iron_pickaxe":2},"minecraft:dropped":{"minecraft:stone_axe":2,"minecraft:stone_sword":6,"minecraft:cobblestone":165,"minecraft:wooden_axe":3,"minecraft:wooden_sword":1,"minecraft:spruce_log":1,"minecraft:stone_pickaxe":5,"minecraft:wooden_pickaxe":3},"minecraft:custom":{"minecraft:interact_with_furnace":3,"minecraft:mob_kills":1,"minecraft:interact_with_crafting_table":14,"minecraft:leave_game":1,"minecraft:time_since_death":390,"minecraft:time_since_rest":524,"minecraft:sprint_one_cm":75295,"minecraft:damage_taken":433,"minecraft:walk_one_cm":140176,"minecraft:drop":24,"minecraft:damage_dealt":140,"minecraft:fly_one_cm":14421,"minecraft:open_chest":3,"minecraft:crouch_one_cm":1793,"minecraft:play_time":48870,"minecraft:deaths":1,"minecraft:sneak_time":690,"minecraft:walk_under_water_one_cm":32634,"minecraft:jump":402,"minecraft:walk_on_water_one_cm":18530,"minecraft:total_world_time":48870,"minecraft:fall_one_cm":6233},"minecraft:killed":{"minecraft:glow_squid":1},"minecraft:crafted":{"minecraft:wooden_sword":1,"minecraft:oak_planks":14,"minecraft:crafting_table":4,"minecraft:spruce_planks":48,"minecraft:wooden_pickaxe":1,"minecraft:iron_sword":1,"minecraft:furnace":2,"minecraft:stone_axe":1,"minecraft:charcoal":3,"minecraft:stick":24,"minecraft:iron_pickaxe":3,"minecraft:stone_pickaxe":2,"minecraft:wooden_axe":1,"minecraft:stone_sword":1,"minecraft:chest":2,"minecraft:torch":10,"minecraft:stone_hoe":1}},"DataVersion":3953}