{"stats":{"minecraft:used":{"minecraft:wooden_axe":6,"minecraft:crafting_table":3,"minecraft:furnace":1,"minecraft:spruce_planks":1,"minecraft:wooden_pickaxe":21,"minecraft:torch":1,"minecraft:spruce_log":1},"minecraft:picked_up":{"minecraft:feather":1,"minecraft:brown_mushroom":1,"minecraft:wheat_seeds":13,"minecraft:spruce_log":20,"minecraft:dirt":1,"minecraft:cobblestone":19},"minecraft:dropped":{"minecraft:spruce_log":1},"minecraft:custom":{"minecraft:interact_with_furnace":1,"minecraft:time_since_rest":10677,"minecraft:crouch_one_cm":644,"minecraft:play_time":10677,"minecraft:sprint_one_cm":21967,"minecraft:damage_taken":10,"minecraft:walk_one_cm":37410,"minecraft:sneak_time":119,"minecraft:drop":1,"minecraft:jump":121,"minecraft:damage_dealt":81,"minecraft:time_since_death":10677,"minecraft:total_world_time":10677,"minecraft:interact_with_crafting_table":7,"minecraft:fly_one_cm":8036,"minecraft:fall_one_cm":2094},"minecraft:mined":{"minecraft:large_fern":39,"minecraft:short_grass":19,"minecraft:grass_block":1,"minecraft:brown_mushroom":1,"minecraft:stone":21,"minecraft:spruce_leaves":1,"minecraft:spruce_log":20,"minecraft:fern":33},"minecraft:crafted":{"minecraft:furnace":1,"minecraft:wooden_sword":1,"minecraft:torch":10,"minecraft:charcoal":3,"minecraft:crafting_table":3,"minecraft:spruce_planks":48,"minecraft:stick":12,"minecraft:wooden_pickaxe":1,"minecraft:wooden_axe":1}},"DataVersion":3953}