{"stats":{"minecraft:used":{"minecraft:beetroot":5,"minecraft:enchanting_table":1,"minecraft:chest":41,"minecraft:spruce_planks":683,"minecraft:iron_sword":5,"minecraft:rotten_flesh":2,"minecraft:torch":325,"minecraft:dirt":687,"minecraft:spruce_stairs":55,"minecraft:tuff":19,"minecraft:granite":2,"minecraft:wooden_axe":9,"minecraft:iron_axe":194,"minecraft:melon_seeds":2,"minecraft:sweet_berries":21,"minecraft:furnace":5,"minecraft:oak_sapling":1,"minecraft:beetroot_seeds":28,"minecraft:cobbled_deepslate":32,"minecraft:pointed_dripstone":3,"minecraft:wheat_seeds":104,"minecraft:cooked_mutton":13,"minecraft:water_bucket":122,"minecraft:diorite":20,"minecraft:spruce_door":2,"minecraft:stone_pickaxe":132,"minecraft:oak_planks":1,"minecraft:wooden_pickaxe":56,"minecraft:diamond_axe":224,"minecraft:sugar_cane":5,"minecraft:glow_berries":4,"minecraft:sand":45,"minecraft:crafting_table":8,"minecraft:white_bed":1,"minecraft:spruce_log":2,"minecraft:wooden_hoe":78,"minecraft:diamond_pickaxe":675,"minecraft:apple":1,"minecraft:diamond_shovel":893,"minecraft:melon_slice":8,"minecraft:iron_pickaxe":854,"minecraft:bread":6,"minecraft:spruce_sapling":32,"minecraft:diamond_sword":78,"minecraft:cobblestone":443,"minecraft:white_banner":2,"minecraft:cooked_porkchop":11,"minecraft:bucket":121},"minecraft:picked_up":{"minecraft:wooden_axe":2,"minecraft:crafting_table":1,"minecraft:wheat":40,"minecraft:brown_mushroom":2,"minecraft:diamond_sword":5,"minecraft:wooden_pickaxe":4,"minecraft:amethyst_block":117,"minecraft:raw_copper":261,"minecraft:iron_axe":1,"minecraft:beetroot":41,"minecraft:cobbled_deepslate":270,"minecraft:bucket":7,"minecraft:spruce_planks":807,"minecraft:cobblestone_slab":16,"minecraft:azalea":2,"minecraft:poppy":2,"minecraft:iron_pickaxe":10,"minecraft:melon_slice":23,"minecraft:sugar_cane":28,"minecraft:chest":3,"minecraft:iron_boots":2,"minecraft:egg":2,"minecraft:stick":58,"minecraft:raw_iron":103,"minecraft:torch":222,"minecraft:spruce_stairs":8,"minecraft:pointed_dripstone":148,"minecraft:diorite":195,"minecraft:redstone":76,"minecraft:stone_sword":5,"minecraft:rotten_flesh":25,"minecraft:beetroot_seeds":79,"minecraft:cobblestone":1572,"minecraft:enchanting_table":1,"minecraft:feather":1,"minecraft:glow_ink_sac":2,"minecraft:andesite":2,"minecraft:tuff":49,"minecraft:oak_log":38,"minecraft:lapis_lazuli":245,"minecraft:wooden_hoe":1,"minecraft:dirt":845,"minecraft:white_banner":2,"minecraft:cooked_mutton":22,"minecraft:apple":1,"minecraft:wheat_seeds":139,"minecraft:raw_gold":60,"minecraft:stone_pickaxe":4,"minecraft:iron_ingot":54,"minecraft:cooked_porkchop":9,"minecraft:sweet_berries":29,"minecraft:dripstone_block":24,"minecraft:dandelion":2,"minecraft:gravel":4,"minecraft:sand":217,"minecraft:amethyst_shard":6,"minecraft:spruce_sapling":39,"minecraft:white_bed":2,"minecraft:spruce_log":240,"minecraft:spruce_door":2,"minecraft:diamond_shovel":6,"minecraft:pumpkin_seeds":2,"minecraft:diamond":3,"minecraft:stone_axe":2,"minecraft:iron_helmet":3,"minecraft:diamond_axe":5,"minecraft:granite":332,"minecraft:bread":1,"minecraft:oak_sapling":7,"minecraft:melon_seeds":3,"minecraft:coal":64,"minecraft:diamond_pickaxe":5},"minecraft:broken":{"minecraft:stone_pickaxe":1,"minecraft:iron_pickaxe":2},"minecraft:mined":{"minecraft:tuff":11,"minecraft:spruce_planks":64,"minecraft:white_bed":1,"minecraft:farmland":3,"minecraft:deepslate_diamond_ore":1,"minecraft:budding_amethyst":1,"minecraft:glow_lichen":5,"minecraft:granite":200,"minecraft:grass_block":413,"minecraft:spruce_leaves":96,"minecraft:large_fern":48,"minecraft:iron_ore":6,"minecraft:andesite":2,"minecraft:deepslate_lapis_ore":1,"minecraft:enchanting_table":1,"minecraft:pointed_dripstone":14,"minecraft:deepslate_iron_ore":45,"minecraft:cobblestone_slab":15,"minecraft:white_banner":1,"minecraft:stone":917,"minecraft:deepslate_redstone_ore":8,"minecraft:brown_mushroom":1,"minecraft:medium_amethyst_bud":1,"minecraft:dandelion":2,"minecraft:spruce_door":2,"minecraft:crafting_table":1,"minecraft:torch":6,"minecraft:short_grass":44,"minecraft:poppy":3,"minecraft:melon":2,"minecraft:chest":3,"minecraft:copper_ore":26,"minecraft:cobblestone":111,"minecraft:deepslate_gold_ore":20,"minecraft:lapis_ore":13,"minecraft:sugar_cane":23,"minecraft:oak_planks":1,"minecraft:diorite":88,"minecraft:wall_torch":9,"minecraft:amethyst_block":36,"minecraft:spruce_stairs":10,"minecraft:wheat":63,"minecraft:sweet_berry_bush":15,"minecraft:spruce_log":241,"minecraft:coal_ore":59,"minecraft:oak_log":38,"minecraft:beetroots":30,"minecraft:dripstone_block":6,"minecraft:gravel":5,"minecraft:sand":120,"minecraft:dirt":415,"minecraft:oak_leaves":10,"minecraft:deepslate":114,"minecraft:fern":36},"minecraft:dropped":{"minecraft:cobblestone":165,"minecraft:torch":2,"minecraft:wooden_axe":3,"minecraft:wooden_sword":1,"minecraft:stone_axe":2,"minecraft:stone_sword":6,"minecraft:spruce_log":1,"minecraft:wooden_pickaxe":3,"minecraft:stone_pickaxe":5},"minecraft:killed_by":{"minecraft:creeper":2,"minecraft:skeleton":1,"minecraft:zombie":1},"minecraft:custom":{"minecraft:mob_kills":14,"minecraft:interact_with_crafting_table":66,"minecraft:leave_game":2,"minecraft:time_since_death":23470,"minecraft:climb_one_cm":934,"minecraft:sprint_one_cm":744827,"minecraft:walk_one_cm":1160859,"minecraft:drop":26,"minecraft:play_time":278947,"minecraft:deaths":7,"minecraft:sneak_time":13827,"minecraft:walk_under_water_one_cm":53038,"minecraft:jump":2701,"minecraft:walk_on_water_one_cm":48615,"minecraft:total_world_time":278947,"minecraft:interact_with_furnace":24,"minecraft:sleep_in_bed":3,"minecraft:time_since_rest":23523,"minecraft:damage_taken":4458,"minecraft:damage_dealt":2942,"minecraft:fly_one_cm":114218,"minecraft:open_chest":78,"minecraft:crouch_one_cm":54708,"minecraft:fall_one_cm":68899},"minecraft:killed":{"minecraft:spider":1,"minecraft:zombie":11,"minecraft:glow_squid":1},"minecraft:crafted":{"minecraft:wooden_sword":1,"minecraft:oak_planks":80,"minecraft:furnace":5,"minecraft:diamond_shovel":1,"minecraft:spruce_stairs":68,"minecraft:iron_boots":1,"minecraft:iron_axe":1,"minecraft:stone_pickaxe":2,"minecraft:chest":38,"minecraft:stone_hoe":1,"minecraft:diamond_sword":1,"minecraft:diamond_axe":1,"minecraft:crafting_table":9,"minecraft:spruce_planks":972,"minecraft:iron_helmet":1,"minecraft:wooden_pickaxe":1,"minecraft:iron_sword":1,"minecraft:spruce_door":6,"minecraft:copper_ingot":16,"minecraft:bucket":2,"minecraft:stone_axe":1,"minecraft:bread":12,"minecraft:air":0,"minecraft:iron_chestplate":1,"minecraft:wooden_hoe":2,"minecraft:charcoal":3,"minecraft:diamond_pickaxe":1,"minecraft:stick":128,"minecraft:iron_ingot":24,"minecraft:iron_pickaxe":6,"minecraft:wooden_axe":1,"minecraft:stone_sword":1,"minecraft:iron_leggings":1,"minecraft:torch":326}},"DataVersion":3953}