{"stats":{"minecraft:used":{"minecraft:water_bucket":46,"minecraft:diorite":20,"minecraft:stone_pickaxe":132,"minecraft:spruce_planks":89,"minecraft:chest":2,"minecraft:wooden_pickaxe":49,"minecraft:iron_sword":5,"minecraft:rotten_flesh":2,"minecraft:torch":37,"minecraft:dirt":221,"minecraft:sand":23,"minecraft:crafting_table":4,"minecraft:granite":2,"minecraft:spruce_log":1,"minecraft:wooden_axe":9,"minecraft:wooden_hoe":13,"minecraft:diamond_shovel":367,"minecraft:iron_axe":39,"minecraft:iron_pickaxe":606,"minecraft:cobblestone":241,"minecraft:sweet_berries":21,"minecraft:oak_sapling":1,"minecraft:furnace":2,"minecraft:bucket":46},"minecraft:picked_up":{"minecraft:wooden_axe":2,"minecraft:feather":1,"minecraft:andesite":2,"minecraft:brown_mushroom":2,"minecraft:wooden_pickaxe":4,"minecraft:lapis_lazuli":59,"minecraft:dirt":239,"minecraft:iron_axe":1,"minecraft:raw_copper":45,"minecraft:wheat_seeds":14,"minecraft:spruce_planks":29,"minecraft:iron_ingot":54,"minecraft:stone_pickaxe":4,"minecraft:azalea":1,"minecraft:poppy":2,"minecraft:sugar_cane":5,"minecraft:egg":1,"minecraft:stick":3,"minecraft:raw_iron":6,"minecraft:sweet_berries":29,"minecraft:torch":83,"minecraft:dandelion":2,"minecraft:sand":217,"minecraft:gravel":3,"minecraft:spruce_sapling":2,"minecraft:diorite":51,"minecraft:white_bed":2,"minecraft:spruce_log":49,"minecraft:stone_sword":5,"minecraft:rotten_flesh":2,"minecraft:stone_axe":2,"minecraft:granite":122,"minecraft:oak_sapling":1,"minecraft:coal":39,"minecraft:cobblestone":685},"minecraft:mined":{"minecraft:spruce_planks":2,"minecraft:white_bed":1,"minecraft:brown_mushroom":1,"minecraft:dandelion":2,"minecraft:granite":122,"minecraft:short_grass":35,"minecraft:grass_block":171,"minecraft:poppy":3,"minecraft:cobblestone":25,"minecraft:copper_ore":12,"minecraft:spruce_leaves":24,"minecraft:lapis_ore":10,"minecraft:sugar_cane":1,"minecraft:diorite":52,"minecraft:wall_torch":1,"minecraft:large_fern":48,"minecraft:iron_ore":6,"minecraft:sweet_berry_bush":15,"minecraft:spruce_log":42,"minecraft:andesite":2,"minecraft:coal_ore":39,"minecraft:sand":120,"minecraft:gravel":3,"minecraft:dirt":99,"minecraft:stone":511,"minecraft:fern":36},"minecraft:broken":{"minecraft:stone_pickaxe":1,"minecraft:iron_pickaxe":2},"minecraft:dropped":{"minecraft:stone_axe":2,"minecraft:stone_sword":6,"minecraft:cobblestone":165,"minecraft:wooden_axe":3,"minecraft:wooden_sword":1,"minecraft:spruce_log":1,"minecraft:stone_pickaxe":5,"minecraft:wooden_pickaxe":3},"minecraft:custom":{"minecraft:interact_with_furnace":5,"minecraft:mob_kills":1,"minecraft:interact_with_crafting_table":20,"minecraft:leave_game":1,"minecraft:time_since_death":1182,"minecraft:time_since_rest":1220,"minecraft:sprint_one_cm":111660,"minecraft:damage_taken":708,"minecraft:walk_one_cm":308627,"minecraft:drop":24,"minecraft:damage_dealt":332,"minecraft:fly_one_cm":21064,"minecraft:open_chest":18,"minecraft:crouch_one_cm":19907,"minecraft:play_time":84870,"minecraft:deaths":2,"minecraft:sneak_time":4597,"minecraft:walk_under_water_one_cm":40062,"minecraft:jump":741,"minecraft:walk_on_water_one_cm":30712,"minecraft:total_world_time":84870,"minecraft:fall_one_cm":15938},"minecraft:killed":{"minecraft:glow_squid":1},"minecraft:crafted":{"minecraft:wooden_sword":1,"minecraft:oak_planks":14,"minecraft:crafting_table":4,"minecraft:spruce_planks":164,"minecraft:wooden_pickaxe":1,"minecraft:iron_sword":1,"minecraft:furnace":2,"minecraft:copper_ingot":16,"minecraft:bucket":2,"minecraft:diamond_shovel":1,"minecraft:stone_axe":1,"minecraft:wooden_hoe":1,"minecraft:charcoal":3,"minecraft:iron_axe":1,"minecraft:stick":56,"minecraft:iron_pickaxe":3,"minecraft:stone_pickaxe":2,"minecraft:wooden_axe":1,"minecraft:stone_sword":1,"minecraft:chest":2,"minecraft:torch":58,"minecraft:stone_hoe":1}},"DataVersion":3953}