{"stats":{"minecraft:used":{"minecraft:beetroot":5,"minecraft:wheat_seeds":23,"minecraft:water_bucket":46,"minecraft:enchanting_table":1,"minecraft:diorite":20,"minecraft:spruce_door":2,"minecraft:stone_pickaxe":132,"minecraft:oak_planks":1,"minecraft:spruce_planks":660,"minecraft:chest":41,"minecraft:wooden_pickaxe":56,"minecraft:iron_sword":5,"minecraft:diamond_axe":216,"minecraft:sugar_cane":4,"minecraft:rotten_flesh":2,"minecraft:torch":124,"minecraft:glow_berries":4,"minecraft:dirt":221,"minecraft:sand":45,"minecraft:crafting_table":7,"minecraft:spruce_stairs":6,"minecraft:white_bed":1,"minecraft:granite":2,"minecraft:spruce_log":2,"minecraft:wooden_axe":9,"minecraft:wooden_hoe":46,"minecraft:diamond_pickaxe":7,"minecraft:bread":2,"minecraft:diamond_shovel":390,"minecraft:iron_axe":194,"minecraft:iron_pickaxe":854,"minecraft:spruce_sapling":32,"minecraft:diamond_sword":5,"minecraft:cobblestone":367,"minecraft:sweet_berries":21,"minecraft:oak_sapling":1,"minecraft:furnace":2,"minecraft:cooked_porkchop":6,"minecraft:beetroot_seeds":7,"minecraft:bucket":46},"minecraft:picked_up":{"minecraft:wooden_axe":2,"minecraft:enchanting_table":1,"minecraft:wheat":8,"minecraft:crafting_table":1,"minecraft:feather":1,"minecraft:andesite":2,"minecraft:brown_mushroom":2,"minecraft:wooden_pickaxe":4,"minecraft:tuff":1,"minecraft:oak_log":38,"minecraft:wooden_hoe":1,"minecraft:lapis_lazuli":59,"minecraft:dirt":272,"minecraft:iron_axe":1,"minecraft:raw_copper":45,"minecraft:apple":1,"minecraft:beetroot":6,"minecraft:wheat_seeds":39,"minecraft:bucket":2,"minecraft:spruce_planks":327,"minecraft:iron_ingot":54,"minecraft:stone_pickaxe":4,"minecraft:cobblestone_slab":1,"minecraft:azalea":2,"minecraft:poppy":2,"minecraft:sugar_cane":10,"minecraft:chest":3,"minecraft:egg":2,"minecraft:stick":22,"minecraft:raw_iron":6,"minecraft:cooked_porkchop":6,"minecraft:sweet_berries":29,"minecraft:spruce_stairs":2,"minecraft:torch":94,"minecraft:dandelion":2,"minecraft:sand":217,"minecraft:gravel":3,"minecraft:spruce_sapling":36,"minecraft:diorite":51,"minecraft:white_bed":2,"minecraft:spruce_log":240,"minecraft:spruce_door":2,"minecraft:beetroot_seeds":17,"minecraft:diamond_shovel":1,"minecraft:stone_sword":5,"minecraft:rotten_flesh":4,"minecraft:stone_axe":2,"minecraft:granite":156,"minecraft:oak_sapling":7,"minecraft:coal":41,"minecraft:cobblestone":899},"minecraft:mined":{"minecraft:tuff":1,"minecraft:spruce_planks":64,"minecraft:white_bed":1,"minecraft:brown_mushroom":1,"minecraft:spruce_door":2,"minecraft:dandelion":2,"minecraft:crafting_table":1,"minecraft:torch":3,"minecraft:granite":156,"minecraft:short_grass":44,"minecraft:grass_block":190,"minecraft:poppy":3,"minecraft:chest":3,"minecraft:cobblestone":75,"minecraft:copper_ore":12,"minecraft:spruce_leaves":94,"minecraft:lapis_ore":10,"minecraft:oak_planks":1,"minecraft:sugar_cane":5,"minecraft:diorite":52,"minecraft:wall_torch":5,"minecraft:large_fern":48,"minecraft:spruce_stairs":2,"minecraft:wheat":14,"minecraft:iron_ore":6,"minecraft:sweet_berry_bush":15,"minecraft:spruce_log":241,"minecraft:andesite":2,"minecraft:enchanting_table":1,"minecraft:oak_log":38,"minecraft:coal_ore":39,"minecraft:beetroots":6,"minecraft:sand":120,"minecraft:gravel":3,"minecraft:dirt":108,"minecraft:stone":683,"minecraft:oak_leaves":10,"minecraft:fern":36},"minecraft:broken":{"minecraft:stone_pickaxe":1,"minecraft:iron_pickaxe":2},"minecraft:dropped":{"minecraft:stone_axe":2,"minecraft:stone_sword":6,"minecraft:cobblestone":165,"minecraft:wooden_axe":3,"minecraft:wooden_sword":1,"minecraft:spruce_log":1,"minecraft:stone_pickaxe":5,"minecraft:wooden_pickaxe":3},"minecraft:custom":{"minecraft:interact_with_furnace":9,"minecraft:mob_kills":2,"minecraft:interact_with_crafting_table":42,"minecraft:leave_game":1,"minecraft:time_since_death":73182,"minecraft:sleep_in_bed":1,"minecraft:time_since_rest":66192,"minecraft:sprint_one_cm":352000,"minecraft:damage_taken":1278,"minecraft:walk_one_cm":613610,"minecraft:drop":24,"minecraft:damage_dealt":605,"minecraft:fly_one_cm":45510,"minecraft:open_chest":45,"minecraft:crouch_one_cm":45840,"minecraft:play_time":156870,"minecraft:deaths":2,"minecraft:sneak_time":11665,"minecraft:walk_under_water_one_cm":43104,"minecraft:jump":1217,"minecraft:walk_on_water_one_cm":33892,"minecraft:total_world_time":156870,"minecraft:fall_one_cm":30025},"minecraft:killed":{"minecraft:zombie":1,"minecraft:glow_squid":1},"minecraft:crafted":{"minecraft:wooden_sword":1,"minecraft:oak_planks":80,"minecraft:diamond_sword":1,"minecraft:diamond_axe":1,"minecraft:crafting_table":8,"minecraft:spruce_planks":972,"minecraft:wooden_pickaxe":1,"minecraft:iron_sword":1,"minecraft:spruce_door":6,"minecraft:furnace":2,"minecraft:copper_ingot":16,"minecraft:bucket":2,"minecraft:diamond_shovel":1,"minecraft:stone_axe":1,"minecraft:bread":2,"minecraft:spruce_stairs":40,"minecraft:diamond_pickaxe":1,"minecraft:wooden_hoe":2,"minecraft:charcoal":3,"minecraft:iron_axe":1,"minecraft:stick":76,"minecraft:iron_pickaxe":6,"minecraft:stone_pickaxe":2,"minecraft:wooden_axe":1,"minecraft:stone_sword":1,"minecraft:chest":38,"minecraft:torch":114,"minecraft:stone_hoe":1}},"DataVersion":3953}