{"stats":{"minecraft:used":{"minecraft:iron_axe":28,"minecraft:torch":5,"minecraft:crafting_table":1,"minecraft:cooked_porkchop":2},"minecraft:picked_up":{"minecraft:stick":3,"minecraft:cooked_porkchop":7,"minecraft:torch":1,"minecraft:oak_log":9,"minecraft:spruce_sapling":4,"minecraft:spruce_log":21,"minecraft:dirt":1,"minecraft:wooden_sword":1,"minecraft:stone_sword":1,"minecraft:iron_pickaxe":1,"minecraft:coal":17,"minecraft:cobblestone":3},"minecraft:mined":{"minecraft:spruce_log":22,"minecraft:oak_log":6,"minecraft:grass_block":1,"minecraft:spruce_leaves":2},"minecraft:killed_by":{"minecraft:player":1},"minecraft:custom":{"minecraft:time_since_rest":14324,"minecraft:interact_with_furnace":43,"minecraft:sprint_one_cm":72805,"minecraft:damage_taken":287,"minecraft:walk_one_cm":55055,"minecraft:damage_dealt":142,"minecraft:interact_with_crafting_table":20,"minecraft:fly_one_cm":28619,"minecraft:open_chest":11,"minecraft:crouch_one_cm":2256,"minecraft:play_time":21355,"minecraft:deaths":1,"minecraft:sneak_time":865,"minecraft:walk_under_water_one_cm":1343,"minecraft:jump":228,"minecraft:walk_on_water_one_cm":2297,"minecraft:time_since_death":16874,"minecraft:sleep_in_bed":1,"minecraft:total_world_time":21355,"minecraft:fall_one_cm":4596},"minecraft:crafted":{"minecraft:oak_planks":12,"minecraft:iron_boots":1,"minecraft:iron_chestplate":1,"minecraft:shield":1,"minecraft:iron_axe":1,"minecraft:crafting_table":1,"minecraft:stick":4,"minecraft:iron_ingot":30,"minecraft:iron_helmet":1,"minecraft:stone_pickaxe":1,"minecraft:iron_sword":1,"minecraft:iron_leggings":1,"minecraft:copper_ingot":8,"minecraft:torch":4}},"DataVersion":3953}