{"stats":{"minecraft:used":{"minecraft:torch":5},"minecraft:picked_up":{"minecraft:wooden_sword":1,"minecraft:stick":2,"minecraft:cooked_porkchop":7,"minecraft:torch":1,"minecraft:oak_log":3,"minecraft:spruce_sapling":1,"minecraft:coal":17,"minecraft:dirt":1,"minecraft:cobblestone":3},"minecraft:mined":{"minecraft:grass_block":1,"minecraft:spruce_leaves":2},"minecraft:killed_by":{"minecraft:player":1},"minecraft:custom":{"minecraft:time_since_rest":2324,"minecraft:open_chest":8,"minecraft:crouch_one_cm":1814,"minecraft:play_time":9355,"minecraft:sprint_one_cm":29115,"minecraft:walk_one_cm":31550,"minecraft:damage_taken":267,"minecraft:deaths":1,"minecraft:sneak_time":706,"minecraft:walk_under_water_one_cm":1343,"minecraft:jump":102,"minecraft:damage_dealt":142,"minecraft:time_since_death":4874,"minecraft:walk_on_water_one_cm":2184,"minecraft:sleep_in_bed":1,"minecraft:total_world_time":9355,"minecraft:interact_with_crafting_table":1,"minecraft:fall_one_cm":1430,"minecraft:fly_one_cm":9259},"minecraft:crafted":{"minecraft:oak_planks":12,"minecraft:torch":4,"minecraft:stick":4,"minecraft:stone_pickaxe":1}},"DataVersion":3953}