{"stats":{"minecraft:used":{"minecraft:iron_axe":29,"minecraft:stone_pickaxe":5,"minecraft:iron_pickaxe":1,"minecraft:spruce_planks":1,"minecraft:torch":21,"minecraft:sweet_berries":5,"minecraft:crafting_table":1,"minecraft:cooked_porkchop":2,"minecraft:spruce_fence":1},"minecraft:picked_up":{"minecraft:stick":3,"minecraft:raw_iron":5,"minecraft:cooked_porkchop":7,"minecraft:sweet_berries":30,"minecraft:torch":1,"minecraft:spruce_fence":1,"minecraft:oak_log":9,"minecraft:spruce_sapling":5,"minecraft:spruce_log":21,"minecraft:dirt":5,"minecraft:wooden_sword":1,"minecraft:stone_sword":1,"minecraft:spruce_planks":1,"minecraft:iron_pickaxe":1,"minecraft:coal":17,"minecraft:cobblestone":4},"minecraft:mined":{"minecraft:iron_ore":5,"minecraft:sweet_berry_bush":13,"minecraft:spruce_log":22,"minecraft:spruce_fence":1,"minecraft:oak_log":6,"minecraft:grass_block":1,"minecraft:spruce_leaves":2,"minecraft:stone":1,"minecraft:fern":2},"minecraft:dropped":{"minecraft:dirt":4},"minecraft:killed_by":{"minecraft:player":1},"minecraft:custom":{"minecraft:time_since_rest":3818,"minecraft:interact_with_furnace":43,"minecraft:sprint_one_cm":121320,"minecraft:damage_taken":1094,"minecraft:walk_one_cm":84796,"minecraft:drop":4,"minecraft:damage_dealt":142,"minecraft:interact_with_crafting_table":20,"minecraft:fly_one_cm":72232,"minecraft:open_chest":11,"minecraft:crouch_one_cm":2876,"minecraft:play_time":33355,"minecraft:deaths":3,"minecraft:sneak_time":1503,"minecraft:walk_under_water_one_cm":1383,"minecraft:jump":501,"minecraft:walk_on_water_one_cm":5847,"minecraft:time_since_death":3782,"minecraft:sleep_in_bed":1,"minecraft:total_world_time":33355,"minecraft:fall_one_cm":19565},"minecraft:crafted":{"minecraft:oak_planks":12,"minecraft:iron_boots":1,"minecraft:iron_chestplate":1,"minecraft:shield":1,"minecraft:iron_axe":1,"minecraft:crafting_table":1,"minecraft:spruce_planks":16,"minecraft:stick":36,"minecraft:iron_ingot":30,"minecraft:iron_helmet":1,"minecraft:stone_pickaxe":1,"minecraft:iron_sword":1,"minecraft:iron_leggings":1,"minecraft:copper_ingot":8,"minecraft:torch":52}},"DataVersion":3953}