{"stats":{"minecraft:picked_up":{"minecraft:crafting_table":1,"minecraft:leather":2,"minecraft:brown_mushroom":4,"minecraft:flint":1,"minecraft:dirt":16,"minecraft:raw_copper":59,"minecraft:wheat_seeds":2,"minecraft:beef":1,"minecraft:calcite":5,"minecraft:sugar_cane":4,"minecraft:furnace":1,"minecraft:raw_iron":35,"minecraft:smooth_basalt":31,"minecraft:copper_ingot":17,"minecraft:torch":1,"minecraft:gravel":7,"minecraft:porkchop":5,"minecraft:diorite":6,"minecraft:spruce_log":12,"minecraft:rotten_flesh":7,"minecraft:granite":10,"minecraft:coal":67,"minecraft:cobblestone":126},"minecraft:used":{"minecraft:cooked_mutton":1,"minecraft:stone_sword":2,"minecraft:stone_pickaxe":253,"minecraft:chest":2,"minecraft:wooden_pickaxe":59,"minecraft:cooked_chicken":3,"minecraft:rotten_flesh":7,"minecraft:torch":17,"minecraft:dirt":2,"minecraft:crafting_table":3,"minecraft:gravel":1,"minecraft:wooden_sword":52,"minecraft:cobblestone":81,"minecraft:furnace":2,"minecraft:cooked_beef":1},"minecraft:mined":{"minecraft:brown_mushroom":4,"minecraft:crafting_table":1,"minecraft:glow_lichen":3,"minecraft:granite":10,"minecraft:short_grass":1,"minecraft:calcite":5,"minecraft:copper_ore":12,"minecraft:cobblestone":29,"minecraft:spruce_leaves":5,"minecraft:sugar_cane":1,"minecraft:diorite":6,"minecraft:wall_torch":1,"minecraft:large_fern":6,"minecraft:furnace":1,"minecraft:iron_ore":35,"minecraft:ice":5,"minecraft:spruce_log":12,"minecraft:coal_ore":67,"minecraft:gravel":8,"minecraft:dirt":11,"minecraft:smooth_basalt":33,"minecraft:stone":95,"minecraft:fern":1},"minecraft:broken":{"minecraft:stone_pickaxe":1,"minecraft:wooden_pickaxe":1},"minecraft:custom":{"minecraft:interact_with_furnace":13,"minecraft:mob_kills":9,"minecraft:interact_with_crafting_table":12,"minecraft:time_since_death":41479,"minecraft:sleep_in_bed":2,"minecraft:time_since_rest":17391,"minecraft:sprint_one_cm":64231,"minecraft:damage_taken":471,"minecraft:walk_one_cm":94572,"minecraft:damage_dealt":1268,"minecraft:swim_one_cm":5316,"minecraft:fly_one_cm":24109,"minecraft:open_chest":2,"minecraft:crouch_one_cm":205,"minecraft:play_time":41479,"minecraft:sneak_time":87,"minecraft:walk_under_water_one_cm":4467,"minecraft:jump":360,"minecraft:walk_on_water_one_cm":4143,"minecraft:total_world_time":41479,"minecraft:fall_one_cm":3456},"minecraft:killed":{"minecraft:pig":3,"minecraft:zombie":4,"minecraft:cow":1},"minecraft:crafted":{"minecraft:cooked_beef":1,"minecraft:wooden_sword":1,"minecraft:crafting_table":2,"minecraft:spruce_planks":48,"minecraft:wooden_pickaxe":1,"minecraft:cooked_chicken":3,"minecraft:iron_sword":1,"minecraft:furnace":1,"minecraft:copper_ingot":10,"minecraft:cooked_mutton":4,"minecraft:air":0,"minecraft:flint_and_steel":1,"minecraft:stick":20,"minecraft:iron_ingot":21,"minecraft:iron_pickaxe":1,"minecraft:stone_pickaxe":3,"minecraft:stone_sword":2,"minecraft:chest":2,"minecraft:torch":20}},"DataVersion":3953}