{"stats":{"minecraft:picked_up":{"minecraft:crafting_table":2,"minecraft:leather":2,"minecraft:brown_mushroom":4,"minecraft:flint":1,"minecraft:dirt":16,"minecraft:raw_copper":70,"minecraft:bone":1,"minecraft:wheat_seeds":2,"minecraft:cobbled_deepslate":7,"minecraft:raw_gold":5,"minecraft:beef":1,"minecraft:calcite":5,"minecraft:azalea":1,"minecraft:moss_block":1,"minecraft:sugar_cane":4,"minecraft:flowering_azalea":1,"minecraft:furnace":2,"minecraft:raw_iron":59,"minecraft:smooth_basalt":31,"minecraft:copper_ingot":17,"minecraft:torch":4,"minecraft:gravel":9,"minecraft:porkchop":5,"minecraft:diorite":11,"minecraft:spruce_log":12,"minecraft:arrow":1,"minecraft:rotten_flesh":8,"minecraft:granite":11,"minecraft:coal":118,"minecraft:cobblestone":146},"minecraft:used":{"minecraft:cooked_mutton":2,"minecraft:stone_sword":2,"minecraft:stone_pickaxe":322,"minecraft:shield":4,"minecraft:chest":2,"minecraft:wooden_pickaxe":59,"minecraft:iron_sword":11,"minecraft:cooked_chicken":3,"minecraft:rotten_flesh":8,"minecraft:torch":21,"minecraft:dirt":2,"minecraft:crafting_table":3,"minecraft:iron_pickaxe":11,"minecraft:gravel":1,"minecraft:wooden_sword":52,"minecraft:cobblestone":81,"minecraft:furnace":2,"minecraft:cooked_beef":1},"minecraft:mined":{"minecraft:flowering_azalea":1,"minecraft:brown_mushroom":4,"minecraft:crafting_table":2,"minecraft:glow_lichen":3,"minecraft:granite":11,"minecraft:short_grass":1,"minecraft:calcite":5,"minecraft:copper_ore":15,"minecraft:cobblestone":29,"minecraft:spruce_leaves":5,"minecraft:moss_block":1,"minecraft:sugar_cane":1,"minecraft:diorite":11,"minecraft:wall_torch":4,"minecraft:large_fern":6,"minecraft:furnace":2,"minecraft:iron_ore":59,"minecraft:ice":5,"minecraft:spruce_log":12,"minecraft:coal_ore":70,"minecraft:vine":1,"minecraft:gravel":10,"minecraft:dirt":11,"minecraft:smooth_basalt":33,"minecraft:azalea":1,"minecraft:stone":115,"minecraft:gold_ore":5,"minecraft:deepslate":8,"minecraft:fern":1},"minecraft:broken":{"minecraft:stone_pickaxe":2,"minecraft:wooden_pickaxe":1},"minecraft:custom":{"minecraft:interact_with_furnace":18,"minecraft:mob_kills":11,"minecraft:interact_with_crafting_table":14,"minecraft:time_since_death":71479,"minecraft:sleep_in_bed":2,"minecraft:climb_one_cm":37,"minecraft:time_since_rest":47391,"minecraft:sprint_one_cm":87270,"minecraft:damage_taken":581,"minecraft:walk_one_cm":137581,"minecraft:damage_blocked_by_shield":110,"minecraft:damage_dealt":1711,"minecraft:swim_one_cm":5316,"minecraft:fly_one_cm":29225,"minecraft:open_chest":2,"minecraft:crouch_one_cm":205,"minecraft:play_time":71479,"minecraft:sneak_time":87,"minecraft:walk_under_water_one_cm":4467,"minecraft:jump":565,"minecraft:walk_on_water_one_cm":4143,"minecraft:total_world_time":71479,"minecraft:fall_one_cm":5517},"minecraft:killed":{"minecraft:pig":3,"minecraft:skeleton":1,"minecraft:zombie":5,"minecraft:cow":1},"minecraft:crafted":{"minecraft:cooked_beef":1,"minecraft:wooden_sword":1,"minecraft:cooked_porkchop":5,"minecraft:crafting_table":2,"minecraft:spruce_planks":48,"minecraft:wooden_pickaxe":1,"minecraft:cooked_chicken":3,"minecraft:iron_sword":1,"minecraft:bowl":4,"minecraft:furnace":1,"minecraft:copper_ingot":10,"minecraft:cooked_mutton":4,"minecraft:air":0,"minecraft:flint_and_steel":1,"minecraft:shield":1,"minecraft:stick":20,"minecraft:iron_ingot":35,"minecraft:iron_pickaxe":1,"minecraft:stone_pickaxe":3,"minecraft:stone_sword":2,"minecraft:chest":2,"minecraft:torch":20}},"DataVersion":3953}