{"stats":{"minecraft:used":{"minecraft:stone_sword":5,"minecraft:iron_shovel":18,"minecraft:chest":2,"minecraft:shield":50,"minecraft:iron_sword":117,"minecraft:cooked_chicken":4,"minecraft:rotten_flesh":13,"minecraft:torch":58,"minecraft:dirt":12,"minecraft:sweet_berries":44,"minecraft:furnace":5,"minecraft:oak_sapling":5,"minecraft:egg":9,"minecraft:cooked_beef":1,"minecraft:wheat_seeds":7,"minecraft:cooked_mutton":2,"minecraft:stone_pickaxe":384,"minecraft:wooden_pickaxe":59,"minecraft:sugar_cane":5,"minecraft:crafting_table":6,"minecraft:mushroom_stew":2,"minecraft:apple":1,"minecraft:iron_pickaxe":325,"minecraft:string":2,"minecraft:gravel":2,"minecraft:spruce_sapling":13,"minecraft:wooden_sword":52,"minecraft:cobblestone":203,"minecraft:cooked_porkchop":9,"minecraft:bone_meal":3},"minecraft:picked_up":{"minecraft:iron_chestplate":1,"minecraft:crafting_table":4,"minecraft:wheat":2,"minecraft:clay_ball":228,"minecraft:brown_mushroom":9,"minecraft:shield":1,"minecraft:string":12,"minecraft:raw_copper":103,"minecraft:flint_and_steel":1,"minecraft:iron_leggings":1,"minecraft:iron_shovel":1,"minecraft:cobbled_deepslate":16,"minecraft:beef":10,"minecraft:calcite":5,"minecraft:azalea":1,"minecraft:iron_pickaxe":2,"minecraft:sugar_cane":14,"minecraft:iron_boots":1,"minecraft:furnace":5,"minecraft:egg":5,"minecraft:raw_iron":80,"minecraft:stick":44,"minecraft:copper_ingot":17,"minecraft:torch":39,"minecraft:bowl":4,"minecraft:porkchop":21,"minecraft:diorite":74,"minecraft:stone_sword":1,"minecraft:arrow":14,"minecraft:rotten_flesh":15,"minecraft:glow_berries":6,"minecraft:mutton":4,"minecraft:white_wool":4,"minecraft:cobblestone":575,"minecraft:andesite":2,"minecraft:leather":13,"minecraft:brown_wool":2,"minecraft:red_mushroom":2,"minecraft:flint":1,"minecraft:oak_log":3,"minecraft:gunpowder":4,"minecraft:dirt":57,"minecraft:bone":12,"minecraft:apple":1,"minecraft:wheat_seeds":9,"minecraft:raw_gold":7,"minecraft:iron_ingot":29,"minecraft:moss_block":1,"minecraft:iron_sword":1,"minecraft:flowering_azalea":2,"minecraft:smooth_basalt":31,"minecraft:sweet_berries":59,"minecraft:gravel":22,"minecraft:spruce_sapling":25,"minecraft:spruce_log":16,"minecraft:grass_block":1,"minecraft:spider_eye":2,"minecraft:mossy_cobblestone":1,"minecraft:iron_helmet":1,"minecraft:granite":12,"minecraft:oak_sapling":11,"minecraft:coal":271},"minecraft:broken":{"minecraft:wooden_pickaxe":1,"minecraft:stone_pickaxe":2,"minecraft:iron_pickaxe":1},"minecraft:mined":{"minecraft:oak_sapling":1,"minecraft:mossy_cobblestone":1,"minecraft:cave_vines_plant":3,"minecraft:glow_lichen":3,"minecraft:granite":12,"minecraft:grass_block":2,"minecraft:spruce_leaves":21,"minecraft:moss_block":2,"minecraft:red_mushroom":2,"minecraft:large_fern":19,"minecraft:furnace":2,"minecraft:iron_ore":71,"minecraft:andesite":4,"minecraft:cave_vines":6,"minecraft:deepslate_iron_ore":8,"minecraft:vine":1,"minecraft:azalea":1,"minecraft:stone":377,"minecraft:flowering_azalea":1,"minecraft:brown_mushroom":10,"minecraft:clay":16,"minecraft:crafting_table":4,"minecraft:short_grass":9,"minecraft:calcite":5,"minecraft:copper_ore":18,"minecraft:cobblestone":35,"minecraft:sugar_cane":3,"minecraft:diorite":47,"minecraft:wall_torch":4,"minecraft:wheat":1,"minecraft:sweet_berry_bush":35,"minecraft:ice":5,"minecraft:spruce_log":17,"minecraft:coal_ore":91,"minecraft:gravel":16,"minecraft:dirt":25,"minecraft:smooth_basalt":33,"minecraft:small_dripleaf":1,"minecraft:gold_ore":7,"minecraft:deepslate":17,"minecraft:fern":5},"minecraft:dropped":{"minecraft:oak_log":3,"minecraft:mossy_cobblestone":1,"minecraft:cooked_porkchop":7,"minecraft:leather":7,"minecraft:granite":2,"minecraft:grass_block":1,"minecraft:coal":17,"minecraft:diorite":14,"minecraft:wooden_sword":1,"minecraft:gravel":2,"minecraft:stone_sword":1},"minecraft:killed_by":{"minecraft:creeper":1},"minecraft:custom":{"minecraft:mob_kills":47,"minecraft:animals_bred":2,"minecraft:interact_with_crafting_table":22,"minecraft:time_since_death":11748,"minecraft:climb_one_cm":37,"minecraft:sprint_one_cm":442335,"minecraft:walk_one_cm":422930,"minecraft:damage_blocked_by_shield":1645,"minecraft:drop":12,"minecraft:talked_to_villager":1,"minecraft:play_time":179479,"minecraft:deaths":1,"minecraft:sneak_time":361,"minecraft:walk_under_water_one_cm":7468,"minecraft:jump":1912,"minecraft:walk_on_water_one_cm":15212,"minecraft:total_world_time":179479,"minecraft:interact_with_furnace":48,"minecraft:sleep_in_bed":2,"minecraft:time_since_rest":11792,"minecraft:damage_taken":1864,"minecraft:damage_dealt":5983,"minecraft:swim_one_cm":6016,"minecraft:fly_one_cm":169729,"minecraft:player_kills":1,"minecraft:open_chest":24,"minecraft:crouch_one_cm":741,"minecraft:fall_one_cm":27629},"minecraft:killed":{"minecraft:spider":2,"minecraft:skeleton":4,"minecraft:pig":10,"minecraft:creeper":1,"minecraft:sheep":3,"minecraft:zombie":8,"minecraft:cow":7,"minecraft:enderman":1},"minecraft:crafted":{"minecraft:wooden_sword":1,"minecraft:cooked_chicken":7,"minecraft:furnace":2,"minecraft:mushroom_stew":2,"minecraft:bone_meal":3,"minecraft:cooked_mutton":26,"minecraft:flint_and_steel":1,"minecraft:bow":1,"minecraft:iron_boots":1,"minecraft:stone_pickaxe":3,"minecraft:chest":2,"minecraft:cooked_beef":10,"minecraft:cooked_porkchop":18,"minecraft:crafting_table":2,"minecraft:spruce_planks":64,"minecraft:wooden_pickaxe":1,"minecraft:iron_helmet":1,"minecraft:iron_sword":1,"minecraft:bowl":4,"minecraft:copper_ingot":10,"minecraft:air":0,"minecraft:iron_chestplate":1,"minecraft:shield":1,"minecraft:stick":52,"minecraft:iron_pickaxe":3,"minecraft:iron_ingot":49,"minecraft:stone_sword":2,"minecraft:iron_shovel":1,"minecraft:iron_leggings":1,"minecraft:torch":84}},"DataVersion":3953}