{"stats":{"minecraft:used":{"minecraft:stone_sword":2,"minecraft:iron_shovel":3,"minecraft:chest":2,"minecraft:shield":47,"minecraft:iron_sword":110,"minecraft:cooked_chicken":4,"minecraft:rotten_flesh":13,"minecraft:torch":53,"minecraft:dirt":12,"minecraft:sweet_berries":29,"minecraft:furnace":3,"minecraft:oak_sapling":5,"minecraft:egg":4,"minecraft:cooked_beef":1,"minecraft:wheat_seeds":7,"minecraft:cooked_mutton":2,"minecraft:stone_pickaxe":384,"minecraft:wooden_pickaxe":59,"minecraft:sugar_cane":4,"minecraft:crafting_table":6,"minecraft:mushroom_stew":2,"minecraft:apple":1,"minecraft:iron_pickaxe":239,"minecraft:string":2,"minecraft:gravel":2,"minecraft:spruce_sapling":13,"minecraft:wooden_sword":52,"minecraft:cobblestone":167,"minecraft:cooked_porkchop":9,"minecraft:bone_meal":3},"minecraft:picked_up":{"minecraft:crafting_table":4,"minecraft:wheat":1,"minecraft:clay_ball":50,"minecraft:brown_mushroom":9,"minecraft:string":6,"minecraft:raw_copper":81,"minecraft:cobbled_deepslate":16,"minecraft:beef":10,"minecraft:calcite":5,"minecraft:azalea":1,"minecraft:sugar_cane":8,"minecraft:furnace":2,"minecraft:egg":4,"minecraft:raw_iron":79,"minecraft:stick":16,"minecraft:copper_ingot":17,"minecraft:torch":6,"minecraft:porkchop":21,"minecraft:diorite":44,"minecraft:arrow":4,"minecraft:rotten_flesh":15,"minecraft:mutton":4,"minecraft:white_wool":2,"minecraft:cobblestone":326,"minecraft:andesite":2,"minecraft:leather":6,"minecraft:brown_wool":1,"minecraft:red_mushroom":2,"minecraft:flint":1,"minecraft:oak_log":3,"minecraft:gunpowder":2,"minecraft:dirt":34,"minecraft:bone":9,"minecraft:apple":1,"minecraft:wheat_seeds":8,"minecraft:raw_gold":7,"minecraft:moss_block":1,"minecraft:flowering_azalea":2,"minecraft:smooth_basalt":31,"minecraft:sweet_berries":59,"minecraft:gravel":14,"minecraft:spruce_sapling":16,"minecraft:spruce_log":16,"minecraft:grass_block":1,"minecraft:spider_eye":1,"minecraft:mossy_cobblestone":1,"minecraft:granite":12,"minecraft:oak_sapling":8,"minecraft:coal":169},"minecraft:broken":{"minecraft:wooden_pickaxe":1,"minecraft:stone_pickaxe":2},"minecraft:mined":{"minecraft:oak_sapling":1,"minecraft:mossy_cobblestone":1,"minecraft:glow_lichen":3,"minecraft:granite":12,"minecraft:grass_block":1,"minecraft:spruce_leaves":18,"minecraft:moss_block":1,"minecraft:red_mushroom":2,"minecraft:large_fern":19,"minecraft:furnace":2,"minecraft:iron_ore":71,"minecraft:andesite":4,"minecraft:deepslate_iron_ore":8,"minecraft:vine":1,"minecraft:azalea":1,"minecraft:stone":298,"minecraft:flowering_azalea":1,"minecraft:brown_mushroom":10,"minecraft:crafting_table":4,"minecraft:short_grass":9,"minecraft:calcite":5,"minecraft:copper_ore":18,"minecraft:cobblestone":34,"minecraft:sugar_cane":2,"minecraft:diorite":44,"minecraft:wall_torch":4,"minecraft:wheat":1,"minecraft:sweet_berry_bush":35,"minecraft:ice":5,"minecraft:spruce_log":17,"minecraft:coal_ore":91,"minecraft:gravel":14,"minecraft:dirt":25,"minecraft:smooth_basalt":33,"minecraft:small_dripleaf":1,"minecraft:gold_ore":7,"minecraft:deepslate":17,"minecraft:fern":5},"minecraft:dropped":{"minecraft:oak_log":3,"minecraft:mossy_cobblestone":1,"minecraft:cooked_porkchop":7,"minecraft:granite":1,"minecraft:grass_block":1,"minecraft:coal":17,"minecraft:diorite":14,"minecraft:wooden_sword":1,"minecraft:gravel":2,"minecraft:stone_sword":1},"minecraft:custom":{"minecraft:mob_kills":43,"minecraft:animals_bred":1,"minecraft:interact_with_crafting_table":21,"minecraft:time_since_death":155479,"minecraft:climb_one_cm":37,"minecraft:sprint_one_cm":355029,"minecraft:walk_one_cm":376749,"minecraft:damage_blocked_by_shield":1433,"minecraft:drop":10,"minecraft:talked_to_villager":1,"minecraft:play_time":155479,"minecraft:sneak_time":170,"minecraft:walk_under_water_one_cm":7468,"minecraft:jump":1592,"minecraft:walk_on_water_one_cm":11305,"minecraft:total_world_time":155479,"minecraft:interact_with_furnace":45,"minecraft:sleep_in_bed":2,"minecraft:time_since_rest":131391,"minecraft:damage_taken":1513,"minecraft:damage_dealt":5629,"minecraft:swim_one_cm":6016,"minecraft:fly_one_cm":141373,"minecraft:player_kills":1,"minecraft:open_chest":11,"minecraft:crouch_one_cm":545,"minecraft:fall_one_cm":21843},"minecraft:killed":{"minecraft:spider":2,"minecraft:skeleton":3,"minecraft:pig":10,"minecraft:creeper":1,"minecraft:sheep":3,"minecraft:zombie":8,"minecraft:cow":7,"minecraft:enderman":1},"minecraft:crafted":{"minecraft:wooden_sword":1,"minecraft:cooked_chicken":7,"minecraft:furnace":2,"minecraft:mushroom_stew":2,"minecraft:bone_meal":3,"minecraft:cooked_mutton":26,"minecraft:flint_and_steel":1,"minecraft:iron_boots":1,"minecraft:stone_pickaxe":3,"minecraft:chest":2,"minecraft:cooked_beef":10,"minecraft:cooked_porkchop":18,"minecraft:crafting_table":2,"minecraft:spruce_planks":64,"minecraft:wooden_pickaxe":1,"minecraft:iron_helmet":1,"minecraft:iron_sword":1,"minecraft:bowl":4,"minecraft:copper_ingot":10,"minecraft:air":0,"minecraft:iron_chestplate":1,"minecraft:shield":1,"minecraft:stick":52,"minecraft:iron_pickaxe":3,"minecraft:iron_ingot":49,"minecraft:stone_sword":2,"minecraft:iron_shovel":1,"minecraft:iron_leggings":1,"minecraft:torch":84}},"DataVersion":3953}