{"stats":{"minecraft:used":{"minecraft:stone_pickaxe":131,"minecraft:chest":2,"minecraft:wooden_pickaxe":59,"minecraft:gravel":1,"minecraft:cooked_chicken":3,"minecraft:rotten_flesh":3,"minecraft:torch":4,"minecraft:wooden_sword":17,"minecraft:cobblestone":81,"minecraft:crafting_table":2,"minecraft:furnace":1,"minecraft:cooked_beef":1},"minecraft:picked_up":{"minecraft:crafting_table":1,"minecraft:copper_ingot":17,"minecraft:leather":2,"minecraft:gravel":7,"minecraft:flint":1,"minecraft:diorite":6,"minecraft:spruce_log":12,"minecraft:dirt":15,"minecraft:raw_copper":59,"minecraft:rotten_flesh":3,"minecraft:granite":10,"minecraft:beef":1,"minecraft:coal":48,"minecraft:cobblestone":102,"minecraft:furnace":1},"minecraft:mined":{"minecraft:furnace":1,"minecraft:ice":1,"minecraft:spruce_log":12,"minecraft:crafting_table":1,"minecraft:granite":10,"minecraft:coal_ore":48,"minecraft:gravel":8,"minecraft:dirt":10,"minecraft:copper_ore":12,"minecraft:cobblestone":29,"minecraft:spruce_leaves":5,"minecraft:stone":71,"minecraft:diorite":6},"minecraft:broken":{"minecraft:stone_pickaxe":1,"minecraft:wooden_pickaxe":1},"minecraft:custom":{"minecraft:time_since_rest":5391,"minecraft:interact_with_furnace":10,"minecraft:sprint_one_cm":43989,"minecraft:damage_taken":331,"minecraft:walk_one_cm":55188,"minecraft:mob_kills":4,"minecraft:damage_dealt":570,"minecraft:open_chest":2,"minecraft:interact_with_crafting_table":11,"minecraft:swim_one_cm":5316,"minecraft:fly_one_cm":13332,"minecraft:crouch_one_cm":205,"minecraft:play_time":29479,"minecraft:sneak_time":87,"minecraft:walk_under_water_one_cm":4467,"minecraft:jump":237,"minecraft:time_since_death":29479,"minecraft:walk_on_water_one_cm":4143,"minecraft:sleep_in_bed":2,"minecraft:total_world_time":29479,"minecraft:fall_one_cm":2643},"minecraft:killed":{"minecraft:zombie":2,"minecraft:cow":1},"minecraft:crafted":{"minecraft:cooked_beef":1,"minecraft:wooden_sword":1,"minecraft:crafting_table":1,"minecraft:spruce_planks":48,"minecraft:stick":16,"minecraft:stone_sword":2,"minecraft:cooked_chicken":3,"minecraft:wooden_pickaxe":1,"minecraft:stone_pickaxe":3,"minecraft:chest":2,"minecraft:furnace":1,"minecraft:copper_ingot":10,"minecraft:torch":12,"minecraft:cooked_mutton":4,"minecraft:air":0}},"DataVersion":3953}