{"stats":{"minecraft:picked_up":{"minecraft:crafting_table":3,"minecraft:andesite":2,"minecraft:leather":2,"minecraft:brown_mushroom":7,"minecraft:flint":1,"minecraft:dirt":16,"minecraft:raw_copper":81,"minecraft:bone":3,"minecraft:wheat_seeds":2,"minecraft:cobbled_deepslate":16,"minecraft:raw_gold":7,"minecraft:beef":1,"minecraft:calcite":5,"minecraft:azalea":1,"minecraft:moss_block":1,"minecraft:sugar_cane":4,"minecraft:flowering_azalea":1,"minecraft:furnace":2,"minecraft:raw_iron":78,"minecraft:smooth_basalt":31,"minecraft:copper_ingot":17,"minecraft:torch":4,"minecraft:gravel":9,"minecraft:porkchop":6,"minecraft:diorite":20,"minecraft:grass_block":1,"minecraft:spruce_log":12,"minecraft:arrow":2,"minecraft:rotten_flesh":8,"minecraft:granite":11,"minecraft:coal":118,"minecraft:cobblestone":163},"minecraft:used":{"minecraft:cooked_mutton":2,"minecraft:stone_sword":2,"minecraft:stone_pickaxe":381,"minecraft:shield":16,"minecraft:chest":2,"minecraft:wooden_pickaxe":59,"minecraft:iron_sword":32,"minecraft:cooked_chicken":3,"minecraft:rotten_flesh":8,"minecraft:torch":23,"minecraft:dirt":2,"minecraft:crafting_table":4,"minecraft:iron_pickaxe":15,"minecraft:gravel":1,"minecraft:wooden_sword":52,"minecraft:cobblestone":113,"minecraft:furnace":2,"minecraft:cooked_porkchop":4,"minecraft:cooked_beef":1},"minecraft:mined":{"minecraft:flowering_azalea":1,"minecraft:brown_mushroom":8,"minecraft:crafting_table":3,"minecraft:glow_lichen":3,"minecraft:granite":11,"minecraft:short_grass":1,"minecraft:calcite":5,"minecraft:copper_ore":18,"minecraft:cobblestone":29,"minecraft:spruce_leaves":5,"minecraft:moss_block":1,"minecraft:sugar_cane":1,"minecraft:diorite":20,"minecraft:wall_torch":4,"minecraft:large_fern":6,"minecraft:furnace":2,"minecraft:iron_ore":70,"minecraft:ice":5,"minecraft:spruce_log":12,"minecraft:andesite":4,"minecraft:coal_ore":70,"minecraft:deepslate_iron_ore":8,"minecraft:vine":1,"minecraft:gravel":10,"minecraft:dirt":11,"minecraft:smooth_basalt":33,"minecraft:azalea":1,"minecraft:stone":132,"minecraft:gold_ore":7,"minecraft:deepslate":17,"minecraft:fern":1},"minecraft:broken":{"minecraft:stone_pickaxe":2,"minecraft:wooden_pickaxe":1},"minecraft:dropped":{"minecraft:grass_block":1},"minecraft:custom":{"minecraft:interact_with_furnace":18,"minecraft:mob_kills":15,"minecraft:interact_with_crafting_table":16,"minecraft:time_since_death":83479,"minecraft:sleep_in_bed":2,"minecraft:climb_one_cm":37,"minecraft:time_since_rest":59391,"minecraft:sprint_one_cm":111939,"minecraft:damage_taken":867,"minecraft:walk_one_cm":165065,"minecraft:damage_blocked_by_shield":543,"minecraft:drop":1,"minecraft:damage_dealt":2511,"minecraft:swim_one_cm":5316,"minecraft:fly_one_cm":38500,"minecraft:open_chest":2,"minecraft:crouch_one_cm":205,"minecraft:play_time":83479,"minecraft:sneak_time":87,"minecraft:walk_under_water_one_cm":4467,"minecraft:jump":779,"minecraft:walk_on_water_one_cm":4316,"minecraft:total_world_time":83479,"minecraft:fall_one_cm":9720},"minecraft:killed":{"minecraft:pig":5,"minecraft:skeleton":2,"minecraft:zombie":5,"minecraft:enderman":1,"minecraft:cow":1},"minecraft:crafted":{"minecraft:cooked_beef":1,"minecraft:wooden_sword":1,"minecraft:cooked_porkchop":5,"minecraft:crafting_table":2,"minecraft:spruce_planks":48,"minecraft:iron_helmet":1,"minecraft:wooden_pickaxe":1,"minecraft:cooked_chicken":3,"minecraft:iron_sword":1,"minecraft:bowl":4,"minecraft:furnace":1,"minecraft:copper_ingot":10,"minecraft:cooked_mutton":4,"minecraft:air":0,"minecraft:flint_and_steel":1,"minecraft:iron_boots":1,"minecraft:iron_chestplate":1,"minecraft:shield":1,"minecraft:stick":20,"minecraft:iron_ingot":35,"minecraft:iron_pickaxe":1,"minecraft:stone_pickaxe":3,"minecraft:stone_sword":2,"minecraft:chest":2,"minecraft:iron_leggings":1,"minecraft:torch":20}},"DataVersion":3953}