{"stats":{"minecraft:picked_up":{"minecraft:crafting_table":4,"minecraft:iron_chestplate":1,"minecraft:wheat":3,"minecraft:clay_ball":228,"minecraft:brown_mushroom":9,"minecraft:shield":1,"minecraft:string":12,"minecraft:raw_copper":103,"minecraft:flint_and_steel":1,"minecraft:iron_leggings":1,"minecraft:iron_shovel":1,"minecraft:beetroot":1,"minecraft:cobbled_deepslate":16,"minecraft:beef":15,"minecraft:calcite":5,"minecraft:azalea":1,"minecraft:iron_pickaxe":2,"minecraft:melon_slice":6,"minecraft:sugar_cane":49,"minecraft:furnace":6,"minecraft:iron_boots":1,"minecraft:egg":5,"minecraft:stick":44,"minecraft:raw_iron":80,"minecraft:copper_ingot":17,"minecraft:torch":39,"minecraft:bowl":4,"minecraft:spruce_stairs":1,"minecraft:porkchop":21,"minecraft:diorite":74,"minecraft:rotten_flesh":16,"minecraft:stone_sword":1,"minecraft:arrow":16,"minecraft:beetroot_seeds":4,"minecraft:glow_berries":6,"minecraft:mutton":4,"minecraft:white_wool":4,"minecraft:cobblestone":580,"minecraft:magma_block":4,"minecraft:andesite":2,"minecraft:salmon":8,"minecraft:brown_wool":2,"minecraft:leather":17,"minecraft:red_mushroom":2,"minecraft:flint":1,"minecraft:oak_log":3,"minecraft:gunpowder":6,"minecraft:dirt":61,"minecraft:bone":14,"minecraft:apple":1,"minecraft:wheat_seeds":22,"minecraft:raw_gold":7,"minecraft:iron_ingot":29,"minecraft:moss_block":1,"minecraft:iron_sword":1,"minecraft:flowering_azalea":2,"minecraft:smooth_basalt":31,"minecraft:sweet_berries":125,"minecraft:gravel":22,"minecraft:spruce_sapling":26,"minecraft:grass_block":1,"minecraft:spruce_log":21,"minecraft:spider_eye":2,"minecraft:mossy_cobblestone":1,"minecraft:slime_ball":7,"minecraft:iron_helmet":1,"minecraft:granite":12,"minecraft:oak_sapling":11,"minecraft:coal":271},"minecraft:used":{"minecraft:beetroot":1,"minecraft:stone_sword":13,"minecraft:iron_shovel":18,"minecraft:chest":2,"minecraft:shield":55,"minecraft:iron_sword":193,"minecraft:cooked_chicken":4,"minecraft:rotten_flesh":14,"minecraft:torch":58,"minecraft:dirt":12,"minecraft:bow":3,"minecraft:sweet_berries":92,"minecraft:oak_sapling":5,"minecraft:furnace":8,"minecraft:beetroot_seeds":4,"minecraft:egg":9,"minecraft:cooked_beef":1,"minecraft:wheat_seeds":19,"minecraft:cooked_mutton":2,"minecraft:stone_pickaxe":384,"minecraft:wooden_pickaxe":59,"minecraft:sugar_cane":5,"minecraft:crafting_table":6,"minecraft:mushroom_stew":2,"minecraft:apple":2,"minecraft:melon_slice":6,"minecraft:string":2,"minecraft:iron_pickaxe":336,"minecraft:spruce_sapling":14,"minecraft:gravel":2,"minecraft:wooden_sword":52,"minecraft:cobblestone":208,"minecraft:cooked_porkchop":9,"minecraft:bone_meal":6},"minecraft:broken":{"minecraft:wooden_pickaxe":1,"minecraft:stone_pickaxe":2,"minecraft:iron_pickaxe":1},"minecraft:mined":{"minecraft:oak_sapling":1,"minecraft:mossy_cobblestone":1,"minecraft:glow_lichen":3,"minecraft:cave_vines_plant":3,"minecraft:granite":12,"minecraft:grass_block":2,"minecraft:spruce_leaves":23,"minecraft:moss_block":2,"minecraft:red_mushroom":2,"minecraft:large_fern":21,"minecraft:magma_block":4,"minecraft:furnace":3,"minecraft:iron_ore":71,"minecraft:andesite":4,"minecraft:cave_vines":6,"minecraft:deepslate_iron_ore":8,"minecraft:vine":1,"minecraft:azalea":1,"minecraft:stone":381,"minecraft:flowering_azalea":1,"minecraft:brown_mushroom":10,"minecraft:clay":16,"minecraft:crafting_table":4,"minecraft:short_grass":12,"minecraft:calcite":5,"minecraft:melon":1,"minecraft:copper_ore":18,"minecraft:cobblestone":35,"minecraft:sugar_cane":21,"minecraft:diorite":47,"minecraft:wall_torch":4,"minecraft:wheat":9,"minecraft:sweet_berry_bush":64,"minecraft:ice":5,"minecraft:spruce_log":23,"minecraft:coal_ore":91,"minecraft:beetroots":2,"minecraft:gravel":16,"minecraft:dirt":27,"minecraft:smooth_basalt":33,"minecraft:small_dripleaf":1,"minecraft:gold_ore":7,"minecraft:deepslate":17,"minecraft:fern":7},"minecraft:dropped":{"minecraft:oak_log":3,"minecraft:mossy_cobblestone":1,"minecraft:cooked_porkchop":7,"minecraft:leather":7,"minecraft:granite":2,"minecraft:grass_block":1,"minecraft:coal":17,"minecraft:diorite":14,"minecraft:wooden_sword":1,"minecraft:gravel":2,"minecraft:stone_sword":1},"minecraft:killed_by":{"minecraft:creeper":1,"minecraft:skeleton":1},"minecraft:custom":{"minecraft:mob_kills":79,"minecraft:animals_bred":2,"minecraft:interact_with_crafting_table":23,"minecraft:leave_game":1,"minecraft:time_since_death":18059,"minecraft:climb_one_cm":1252,"minecraft:sprint_one_cm":577380,"minecraft:walk_one_cm":516052,"minecraft:damage_blocked_by_shield":2019,"minecraft:drop":12,"minecraft:talked_to_villager":1,"minecraft:play_time":227050,"minecraft:deaths":2,"minecraft:sneak_time":546,"minecraft:walk_under_water_one_cm":21389,"minecraft:jump":2231,"minecraft:walk_on_water_one_cm":56032,"minecraft:total_world_time":227050,"minecraft:interact_with_furnace":51,"minecraft:sleep_in_bed":4,"minecraft:time_since_rest":18165,"minecraft:damage_taken":2648,"minecraft:damage_dealt":7775,"minecraft:swim_one_cm":95987,"minecraft:fly_one_cm":237038,"minecraft:player_kills":1,"minecraft:open_chest":56,"minecraft:crouch_one_cm":749,"minecraft:fall_one_cm":35815},"minecraft:killed":{"minecraft:spider":4,"minecraft:slime":11,"minecraft:skeleton":5,"minecraft:pig":10,"minecraft:salmon":9,"minecraft:creeper":3,"minecraft:sheep":3,"minecraft:zombie":10,"minecraft:cow":8,"minecraft:enderman":1},"minecraft:crafted":{"minecraft:wooden_sword":1,"minecraft:cooked_chicken":7,"minecraft:furnace":2,"minecraft:mushroom_stew":2,"minecraft:bone_meal":6,"minecraft:cooked_mutton":26,"minecraft:flint_and_steel":1,"minecraft:bow":1,"minecraft:iron_boots":1,"minecraft:stone_pickaxe":3,"minecraft:chest":2,"minecraft:cooked_beef":10,"minecraft:cooked_porkchop":18,"minecraft:crafting_table":2,"minecraft:spruce_planks":84,"minecraft:wooden_pickaxe":1,"minecraft:iron_helmet":1,"minecraft:iron_sword":2,"minecraft:bowl":4,"minecraft:copper_ingot":10,"minecraft:air":0,"minecraft:iron_chestplate":1,"minecraft:shield":1,"minecraft:stick":92,"minecraft:iron_pickaxe":4,"minecraft:iron_ingot":49,"minecraft:stone_sword":2,"minecraft:iron_shovel":1,"minecraft:iron_leggings":1,"minecraft:torch":84}},"DataVersion":3953}