{"stats":{"minecraft:picked_up":{"minecraft:crafting_table":4,"minecraft:andesite":2,"minecraft:leather":5,"minecraft:brown_mushroom":9,"minecraft:red_mushroom":2,"minecraft:flint":1,"minecraft:string":2,"minecraft:dirt":16,"minecraft:raw_copper":81,"minecraft:bone":5,"minecraft:wheat_seeds":4,"minecraft:cobbled_deepslate":16,"minecraft:raw_gold":7,"minecraft:beef":10,"minecraft:calcite":5,"minecraft:azalea":1,"minecraft:moss_block":1,"minecraft:sugar_cane":4,"minecraft:flowering_azalea":1,"minecraft:furnace":2,"minecraft:stick":1,"minecraft:raw_iron":78,"minecraft:smooth_basalt":31,"minecraft:sweet_berries":28,"minecraft:copper_ingot":17,"minecraft:torch":4,"minecraft:gravel":9,"minecraft:porkchop":15,"minecraft:diorite":20,"minecraft:grass_block":1,"minecraft:spruce_log":16,"minecraft:arrow":4,"minecraft:rotten_flesh":13,"minecraft:granite":11,"minecraft:mutton":3,"minecraft:coal":118,"minecraft:white_wool":2,"minecraft:cobblestone":163},"minecraft:used":{"minecraft:cooked_mutton":2,"minecraft:stone_sword":2,"minecraft:stone_pickaxe":384,"minecraft:shield":39,"minecraft:chest":2,"minecraft:wooden_pickaxe":59,"minecraft:iron_sword":83,"minecraft:cooked_chicken":3,"minecraft:rotten_flesh":13,"minecraft:torch":23,"minecraft:dirt":2,"minecraft:crafting_table":5,"minecraft:mushroom_stew":2,"minecraft:string":2,"minecraft:iron_pickaxe":15,"minecraft:gravel":1,"minecraft:wooden_sword":52,"minecraft:cobblestone":113,"minecraft:furnace":2,"minecraft:cooked_porkchop":5,"minecraft:cooked_beef":1},"minecraft:mined":{"minecraft:flowering_azalea":1,"minecraft:brown_mushroom":10,"minecraft:crafting_table":4,"minecraft:glow_lichen":3,"minecraft:granite":11,"minecraft:short_grass":1,"minecraft:grass_block":1,"minecraft:calcite":5,"minecraft:copper_ore":18,"minecraft:cobblestone":29,"minecraft:red_mushroom":2,"minecraft:spruce_leaves":8,"minecraft:moss_block":1,"minecraft:sugar_cane":1,"minecraft:diorite":20,"minecraft:wall_torch":4,"minecraft:large_fern":12,"minecraft:furnace":2,"minecraft:sweet_berry_bush":14,"minecraft:iron_ore":70,"minecraft:ice":5,"minecraft:spruce_log":17,"minecraft:andesite":4,"minecraft:coal_ore":70,"minecraft:deepslate_iron_ore":8,"minecraft:vine":1,"minecraft:gravel":10,"minecraft:dirt":14,"minecraft:smooth_basalt":33,"minecraft:azalea":1,"minecraft:stone":132,"minecraft:gold_ore":7,"minecraft:deepslate":17,"minecraft:fern":3},"minecraft:broken":{"minecraft:stone_pickaxe":2,"minecraft:wooden_pickaxe":1},"minecraft:dropped":{"minecraft:gravel":2,"minecraft:stone_sword":1,"minecraft:granite":1,"minecraft:grass_block":1,"minecraft:diorite":14,"minecraft:wooden_sword":1},"minecraft:custom":{"minecraft:interact_with_furnace":18,"minecraft:mob_kills":32,"minecraft:interact_with_crafting_table":17,"minecraft:time_since_death":95479,"minecraft:sleep_in_bed":2,"minecraft:climb_one_cm":37,"minecraft:time_since_rest":71391,"minecraft:sprint_one_cm":179188,"minecraft:damage_taken":1057,"minecraft:walk_one_cm":212817,"minecraft:damage_blocked_by_shield":1184,"minecraft:drop":6,"minecraft:damage_dealt":4701,"minecraft:swim_one_cm":6016,"minecraft:fly_one_cm":66817,"minecraft:open_chest":2,"minecraft:crouch_one_cm":205,"minecraft:play_time":95479,"minecraft:sneak_time":87,"minecraft:walk_under_water_one_cm":6332,"minecraft:jump":960,"minecraft:walk_on_water_one_cm":5453,"minecraft:total_world_time":95479,"minecraft:fall_one_cm":12982},"minecraft:killed":{"minecraft:pig":8,"minecraft:spider":2,"minecraft:sheep":2,"minecraft:skeleton":3,"minecraft:zombie":7,"minecraft:enderman":1,"minecraft:cow":7},"minecraft:crafted":{"minecraft:cooked_beef":1,"minecraft:wooden_sword":1,"minecraft:cooked_porkchop":5,"minecraft:crafting_table":2,"minecraft:spruce_planks":64,"minecraft:iron_helmet":1,"minecraft:wooden_pickaxe":1,"minecraft:cooked_chicken":3,"minecraft:iron_sword":1,"minecraft:bowl":4,"minecraft:furnace":1,"minecraft:copper_ingot":10,"minecraft:mushroom_stew":2,"minecraft:cooked_mutton":4,"minecraft:air":0,"minecraft:flint_and_steel":1,"minecraft:iron_boots":1,"minecraft:iron_chestplate":1,"minecraft:shield":1,"minecraft:stick":52,"minecraft:iron_ingot":35,"minecraft:iron_pickaxe":1,"minecraft:stone_pickaxe":3,"minecraft:stone_sword":2,"minecraft:chest":2,"minecraft:iron_leggings":1,"minecraft:torch":20}},"DataVersion":3953}