{"stats":{"minecraft:picked_up":{"minecraft:crafting_table":4,"minecraft:iron_chestplate":1,"minecraft:wheat":3,"minecraft:clay_ball":228,"minecraft:brown_mushroom":9,"minecraft:shield":1,"minecraft:string":12,"minecraft:raw_copper":103,"minecraft:flint_and_steel":1,"minecraft:iron_leggings":1,"minecraft:iron_shovel":1,"minecraft:beetroot":1,"minecraft:cobbled_deepslate":16,"minecraft:beef":15,"minecraft:calcite":5,"minecraft:azalea":1,"minecraft:iron_pickaxe":2,"minecraft:melon_slice":6,"minecraft:sugar_cane":51,"minecraft:furnace":6,"minecraft:iron_boots":1,"minecraft:egg":8,"minecraft:stick":44,"minecraft:raw_iron":80,"minecraft:copper_ingot":17,"minecraft:torch":42,"minecraft:bowl":4,"minecraft:spruce_stairs":1,"minecraft:porkchop":21,"minecraft:diorite":83,"minecraft:rotten_flesh":16,"minecraft:stone_sword":1,"minecraft:arrow":16,"minecraft:beetroot_seeds":4,"minecraft:glow_berries":6,"minecraft:mutton":4,"minecraft:white_wool":4,"minecraft:cobblestone":590,"minecraft:magma_block":4,"minecraft:andesite":13,"minecraft:salmon":8,"minecraft:brown_wool":2,"minecraft:leather":17,"minecraft:red_mushroom":2,"minecraft:flint":1,"minecraft:oak_log":20,"minecraft:gunpowder":6,"minecraft:dirt":61,"minecraft:bone":14,"minecraft:apple":1,"minecraft:wheat_seeds":23,"minecraft:raw_gold":7,"minecraft:iron_ingot":29,"minecraft:moss_block":1,"minecraft:iron_sword":1,"minecraft:flowering_azalea":2,"minecraft:smooth_basalt":31,"minecraft:pumpkin":4,"minecraft:sweet_berries":130,"minecraft:gravel":22,"minecraft:spruce_sapling":27,"minecraft:grass_block":1,"minecraft:spruce_log":21,"minecraft:spider_eye":2,"minecraft:mossy_cobblestone":1,"minecraft:slime_ball":7,"minecraft:iron_helmet":1,"minecraft:granite":12,"minecraft:oak_sapling":12,"minecraft:coal":271},"minecraft:used":{"minecraft:beetroot":1,"minecraft:stone_sword":13,"minecraft:iron_shovel":18,"minecraft:chest":2,"minecraft:shield":55,"minecraft:iron_sword":197,"minecraft:cooked_chicken":4,"minecraft:rotten_flesh":14,"minecraft:torch":58,"minecraft:dirt":12,"minecraft:iron_axe":17,"minecraft:bow":3,"minecraft:sweet_berries":102,"minecraft:oak_sapling":6,"minecraft:furnace":8,"minecraft:beetroot_seeds":4,"minecraft:egg":12,"minecraft:cooked_beef":1,"minecraft:pumpkin":2,"minecraft:wheat_seeds":20,"minecraft:cooked_mutton":2,"minecraft:stone_pickaxe":403,"minecraft:wooden_pickaxe":59,"minecraft:sugar_cane":5,"minecraft:salmon":2,"minecraft:crafting_table":7,"minecraft:mushroom_stew":2,"minecraft:apple":2,"minecraft:melon_slice":6,"minecraft:string":2,"minecraft:iron_pickaxe":354,"minecraft:spruce_sapling":15,"minecraft:gravel":2,"minecraft:wooden_sword":52,"minecraft:cobblestone":208,"minecraft:cooked_porkchop":9,"minecraft:andesite":2,"minecraft:bone_meal":6},"minecraft:broken":{"minecraft:wooden_pickaxe":1,"minecraft:stone_pickaxe":3,"minecraft:iron_pickaxe":2},"minecraft:mined":{"minecraft:oak_sapling":1,"minecraft:mossy_cobblestone":1,"minecraft:glow_lichen":3,"minecraft:cave_vines_plant":3,"minecraft:granite":12,"minecraft:grass_block":2,"minecraft:spruce_leaves":23,"minecraft:moss_block":2,"minecraft:red_mushroom":2,"minecraft:large_fern":21,"minecraft:magma_block":4,"minecraft:furnace":3,"minecraft:iron_ore":71,"minecraft:andesite":15,"minecraft:pumpkin":4,"minecraft:cave_vines":6,"minecraft:deepslate_iron_ore":8,"minecraft:vine":1,"minecraft:azalea":1,"minecraft:stone":386,"minecraft:flowering_azalea":1,"minecraft:brown_mushroom":10,"minecraft:clay":16,"minecraft:crafting_table":4,"minecraft:torch":3,"minecraft:short_grass":12,"minecraft:calcite":5,"minecraft:melon":1,"minecraft:copper_ore":18,"minecraft:cobblestone":40,"minecraft:sugar_cane":22,"minecraft:diorite":61,"minecraft:wall_torch":4,"minecraft:wheat":10,"minecraft:sweet_berry_bush":67,"minecraft:ice":5,"minecraft:spruce_log":23,"minecraft:oak_log":17,"minecraft:coal_ore":91,"minecraft:beetroots":2,"minecraft:gravel":16,"minecraft:dirt":27,"minecraft:smooth_basalt":33,"minecraft:small_dripleaf":1,"minecraft:gold_ore":7,"minecraft:deepslate":17,"minecraft:fern":7},"minecraft:dropped":{"minecraft:oak_log":3,"minecraft:mossy_cobblestone":1,"minecraft:cooked_porkchop":7,"minecraft:leather":7,"minecraft:granite":2,"minecraft:grass_block":1,"minecraft:coal":17,"minecraft:diorite":14,"minecraft:wooden_sword":1,"minecraft:gravel":2,"minecraft:stone_sword":1},"minecraft:killed_by":{"minecraft:creeper":1,"minecraft:skeleton":1,"minecraft:zombie":1},"minecraft:custom":{"minecraft:mob_kills":79,"minecraft:animals_bred":2,"minecraft:interact_with_crafting_table":25,"minecraft:leave_game":1,"minecraft:time_since_death":19356,"minecraft:climb_one_cm":2278,"minecraft:sprint_one_cm":652615,"minecraft:walk_one_cm":549762,"minecraft:damage_blocked_by_shield":2019,"minecraft:drop":12,"minecraft:talked_to_villager":1,"minecraft:play_time":251050,"minecraft:deaths":3,"minecraft:sneak_time":547,"minecraft:walk_under_water_one_cm":21735,"minecraft:jump":2584,"minecraft:walk_on_water_one_cm":66756,"minecraft:total_world_time":251050,"minecraft:interact_with_furnace":56,"minecraft:sleep_in_bed":4,"minecraft:time_since_rest":19439,"minecraft:damage_taken":2853,"minecraft:damage_dealt":7775,"minecraft:swim_one_cm":100593,"minecraft:fly_one_cm":268843,"minecraft:player_kills":1,"minecraft:open_chest":64,"minecraft:crouch_one_cm":749,"minecraft:fall_one_cm":39743},"minecraft:killed":{"minecraft:spider":4,"minecraft:slime":11,"minecraft:skeleton":5,"minecraft:pig":10,"minecraft:salmon":9,"minecraft:creeper":3,"minecraft:sheep":3,"minecraft:zombie":10,"minecraft:cow":8,"minecraft:enderman":1},"minecraft:crafted":{"minecraft:wooden_sword":1,"minecraft:oak_planks":68,"minecraft:cooked_chicken":7,"minecraft:furnace":2,"minecraft:mushroom_stew":2,"minecraft:bone_meal":6,"minecraft:cooked_mutton":37,"minecraft:flint_and_steel":1,"minecraft:bow":1,"minecraft:iron_boots":1,"minecraft:stone_pickaxe":4,"minecraft:chest":2,"minecraft:cooked_beef":10,"minecraft:cooked_porkchop":18,"minecraft:crafting_table":3,"minecraft:spruce_planks":84,"minecraft:wooden_pickaxe":1,"minecraft:iron_helmet":1,"minecraft:iron_sword":2,"minecraft:bowl":4,"minecraft:copper_ingot":10,"minecraft:air":0,"minecraft:iron_chestplate":1,"minecraft:shield":1,"minecraft:stick":100,"minecraft:iron_pickaxe":4,"minecraft:iron_ingot":49,"minecraft:stone_sword":2,"minecraft:iron_shovel":1,"minecraft:iron_leggings":1,"minecraft:torch":84}},"DataVersion":3953}