{"stats":{"minecraft:used":{"minecraft:stone_pickaxe":97,"minecraft:wooden_pickaxe":59,"minecraft:gravel":1,"minecraft:rotten_flesh":2,"minecraft:torch":3,"minecraft:wooden_sword":5,"minecraft:crafting_table":1,"minecraft:furnace":1,"minecraft:cooked_beef":1},"minecraft:picked_up":{"minecraft:crafting_table":1,"minecraft:copper_ingot":17,"minecraft:leather":2,"minecraft:gravel":7,"minecraft:flint":1,"minecraft:diorite":6,"minecraft:spruce_log":5,"minecraft:dirt":13,"minecraft:raw_copper":59,"minecraft:rotten_flesh":2,"minecraft:granite":10,"minecraft:beef":1,"minecraft:coal":46,"minecraft:cobblestone":73,"minecraft:furnace":1},"minecraft:broken":{"minecraft:wooden_pickaxe":1},"minecraft:mined":{"minecraft:furnace":1,"minecraft:spruce_log":5,"minecraft:crafting_table":1,"minecraft:granite":10,"minecraft:coal_ore":45,"minecraft:gravel":8,"minecraft:dirt":9,"minecraft:copper_ore":12,"minecraft:spruce_leaves":5,"minecraft:stone":71,"minecraft:diorite":6},"minecraft:custom":{"minecraft:time_since_rest":17479,"minecraft:interact_with_furnace":4,"minecraft:sprint_one_cm":19662,"minecraft:damage_taken":196,"minecraft:walk_one_cm":30359,"minecraft:mob_kills":2,"minecraft:damage_dealt":172,"minecraft:interact_with_crafting_table":6,"minecraft:swim_one_cm":5316,"minecraft:fly_one_cm":6726,"minecraft:crouch_one_cm":205,"minecraft:play_time":17479,"minecraft:sneak_time":61,"minecraft:walk_under_water_one_cm":4431,"minecraft:jump":145,"minecraft:time_since_death":17479,"minecraft:walk_on_water_one_cm":3723,"minecraft:total_world_time":17479,"minecraft:fall_one_cm":1356},"minecraft:killed":{"minecraft:cow":1},"minecraft:crafted":{"minecraft:cooked_beef":1,"minecraft:wooden_sword":1,"minecraft:crafting_table":1,"minecraft:spruce_planks":20,"minecraft:stick":8,"minecraft:wooden_pickaxe":1,"minecraft:stone_pickaxe":1,"minecraft:furnace":1,"minecraft:copper_ingot":10,"minecraft:torch":12,"minecraft:air":0}},"DataVersion":3953}